<?xml version="1.0" encoding="UTF-8"?>
<event xmlns="http://www.loc.gov/premis/v3">
  <eventIdentifier>
    <eventIdentifierType>URN</eventIdentifierType>
    <eventIdentifierValue>urn:roda:premis:event:06079fd0-aa57-4931-922e-1df092a09183</eventIdentifierValue>
  </eventIdentifier>
  <eventType>virus check</eventType>
  <eventDateTime>2021-09-20T10:42:13.36Z</eventDateTime>
  <eventDetailInformation>
    <eventDetail>Scanned package for malicious programs using ClamAV.</eventDetail>
  </eventDetailInformation>
  <eventOutcomeInformation>
    <eventOutcome>SUCCESS</eventOutcome>
    <eventOutcomeDetail>
      <eventOutcomeDetailNote>The package does not contain any known malicious programs.
/roda/data/storage/aip/668b3f2f-51be-4dd7-ace6-d73a41b8526c: OK

----------- SCAN SUMMARY -----------
Infected files: 0
Time: 0.325 sec (0 m 0 s)
Start Date: 2021:09:20 10:42:13
End Date:   2021:09:20 10:42:13</eventOutcomeDetailNote>
    </eventOutcomeDetail>
  </eventOutcomeInformation>
  <linkingAgentIdentifier>
    <linkingAgentIdentifierType>URN</linkingAgentIdentifierType>
    <linkingAgentIdentifierValue>urn:roda:premis:agent:org.roda.core.plugins.plugins.antivirus.AntivirusPlugin@ClamAV 0.103.2/26261/Thu Aug 12 08:22:34 2021</linkingAgentIdentifierValue>
  </linkingAgentIdentifier>
  <linkingAgentIdentifier>
    <linkingAgentIdentifierType>URN</linkingAgentIdentifierType>
    <linkingAgentIdentifierValue>urn:roda:premis:agent:jkleevens</linkingAgentIdentifierValue>
  </linkingAgentIdentifier>
  <linkingObjectIdentifier>
    <linkingObjectIdentifierType>URN</linkingObjectIdentifierType>
    <linkingObjectIdentifierValue>urn:roda:aip:668b3f2f-51be-4dd7-ace6-d73a41b8526c</linkingObjectIdentifierValue>
    <linkingObjectRole>outcome</linkingObjectRole>
  </linkingObjectIdentifier>
</event>