<?xml version="1.0" encoding="UTF-8"?>
<event xmlns="http://www.loc.gov/premis/v3">
  <eventIdentifier>
    <eventIdentifierType>URN</eventIdentifierType>
    <eventIdentifierValue>urn:roda:premis:event:93820350-9ebd-47ba-aed6-71e8801cbf23</eventIdentifierValue>
  </eventIdentifier>
  <eventType>unpacking</eventType>
  <eventDateTime>2021-09-20T10:42:12.78Z</eventDateTime>
  <eventDetailInformation>
    <eventDetail>Extracted objects from package in E-ARK SIP 2 format.</eventDetail>
  </eventDetailInformation>
  <eventOutcomeInformation>
    <eventOutcome>SUCCESS</eventOutcome>
    <eventOutcomeDetail>
      <eventOutcomeDetailNote>The SIP has been successfully unpacked.</eventOutcomeDetailNote>
    </eventOutcomeDetail>
  </eventOutcomeInformation>
  <linkingAgentIdentifier>
    <linkingAgentIdentifierType>URN</linkingAgentIdentifierType>
    <linkingAgentIdentifierValue>urn:roda:premis:agent:org.roda.core.plugins.plugins.ingest.EARKSIP2ToAIPPlugin@1.0</linkingAgentIdentifierValue>
  </linkingAgentIdentifier>
  <linkingAgentIdentifier>
    <linkingAgentIdentifierType>URN</linkingAgentIdentifierType>
    <linkingAgentIdentifierValue>urn:roda:premis:agent:jkleevens</linkingAgentIdentifierValue>
  </linkingAgentIdentifier>
  <linkingObjectIdentifier>
    <linkingObjectIdentifierType>URN</linkingObjectIdentifierType>
    <linkingObjectIdentifierValue>urn:roda:transferred_resource:dossier_met_mappen - uuid-6981ba8e-9d2b-4e8a-912e-6e2a6ad44c3d.zip</linkingObjectIdentifierValue>
    <linkingObjectRole>source</linkingObjectRole>
  </linkingObjectIdentifier>
  <linkingObjectIdentifier>
    <linkingObjectIdentifierType>URN</linkingObjectIdentifierType>
    <linkingObjectIdentifierValue>urn:roda:aip:668b3f2f-51be-4dd7-ace6-d73a41b8526c</linkingObjectIdentifierValue>
    <linkingObjectRole>outcome</linkingObjectRole>
  </linkingObjectIdentifier>
</event>