<?xml version="1.0" encoding="UTF-8" standalone="yes"?>
<mets xmlns:xsi="http://www.w3.org/2001/XMLSchema-instance" xmlns:sip="https://DILCIS.eu/XML/METS/SIPExtensionMETS" xmlns="http://www.loc.gov/METS/" xmlns:csip="https://DILCIS.eu/XML/METS/CSIPExtensionMETS" xmlns:xlink="http://www.w3.org/1999/xlink" OBJID="c802b4e3-8b97-4fe7-8b4e-2e913682ff6f" LABEL="" TYPE="Mixed" csip:CONTENTINFORMATIONTYPE="MIXED" PROFILE="NOT_DEFINED" xsi:schemaLocation="http://www.loc.gov/METS/ ../../schemas/mets1_12.xsd http://www.w3.org/1999/xlink ../../schemas/xlink.xsd https://dilcis.eu/XML/METS/CSIPExtensionMETS ../../schemas/DILCISExtensionMETS.xsd https://dilcis.eu/XML/METS/SIPExtensionMETS ../../schemas/DILCISExtensionSIPMETS.xsd">
    <metsHdr CREATEDATE="2022-02-17T13:56:02.817Z" LASTMODDATE="2022-02-17T13:56:02.817Z" RECORDSTATUS="NEW" csip:OAISPACKAGETYPE="AIP"/>
    <amdSec ID="uuid-BA7C9931-EBAE-4EE9-AAF2-B6A767EE998F">
        <digiprovMD ID="uuid-95CCECD6-D9CC-4920-8243-EF805DE6DC54" STATUS="CURRENT">
            <mdRef ID="urn_roda_premis_event_547c93ce-dda0-48ca-b512-b7c0ea110201" LOCTYPE="URL" MDTYPE="PREMIS" xlink:type="simple" xlink:href="metadata/preservation/urn:roda:premis:event:547c93ce-dda0-48ca-b512-b7c0ea110201.xml" MIMETYPE="application/xml" SIZE="1354" CREATED="2022-02-17T13:56:02.818Z" CHECKSUM="777FA1A357E52B223C97DCF7A28BAA6E51206B307C33D280BABE51E65C5D7C03" CHECKSUMTYPE="SHA-256"/>
        </digiprovMD>
        <digiprovMD ID="uuid-B7F2DB93-37CF-44EA-B64E-371D3F16E3F8" STATUS="CURRENT">
            <mdRef ID="urn_roda_premis_representation_ce34c98b-2fea-3dce-9bec-40e8ccc42505" LOCTYPE="URL" MDTYPE="PREMIS" xlink:type="simple" xlink:href="metadata/preservation/urn:roda:premis:representation:ce34c98b-2fea-3dce-9bec-40e8ccc42505.xml" MIMETYPE="application/xml" SIZE="1723" CREATED="2022-02-17T13:56:02.818Z" CHECKSUM="25036CBA8CF44BCDEA3E9F663E44628ABFE85ADBEDE13CCFD6376FCBADD2833D" CHECKSUMTYPE="SHA-256"/>
        </digiprovMD>
        <digiprovMD ID="uuid-012D8802-ED2F-4179-BB42-93059CFA1B76" STATUS="CURRENT">
            <mdRef ID="urn_roda_premis_event_c57f3d5f-6c8c-4ab4-aea1-a4306d2c4bc2" LOCTYPE="URL" MDTYPE="PREMIS" xlink:type="simple" xlink:href="metadata/preservation/urn:roda:premis:event:c57f3d5f-6c8c-4ab4-aea1-a4306d2c4bc2.xml" MIMETYPE="application/xml" SIZE="1325" CREATED="2022-02-17T13:56:02.818Z" CHECKSUM="924659825543EA2C506EC662C18B7132E7F34DAE42AC853B6D6A55A85F84431D" CHECKSUMTYPE="SHA-256"/>
        </digiprovMD>
        <digiprovMD ID="uuid-079CD2FE-06F0-4BA0-988B-F180707C3B25" STATUS="CURRENT">
            <mdRef ID="urn_roda_premis_file_worddoc.pdf" LOCTYPE="URL" MDTYPE="PREMIS" xlink:type="simple" xlink:href="metadata/preservation/Structure/urn:roda:premis:file:worddoc.pdf.xml" MIMETYPE="application/xml" SIZE="2116" CREATED="2022-02-17T13:56:02.818Z" CHECKSUM="711D07F40967D776B063566FF30D8BAA02DCF10473E0384A9EE7519B7FE5D87C" CHECKSUMTYPE="SHA-256"/>
        </digiprovMD>
        <digiprovMD ID="uuid-07EB6654-637A-4AAC-8701-54F423CE8359" STATUS="CURRENT">
            <mdRef ID="urn_roda_premis_file_pdf.pdf" LOCTYPE="URL" MDTYPE="PREMIS" xlink:type="simple" xlink:href="metadata/preservation/Structure/Subfolder/urn:roda:premis:file:pdf.pdf.xml" MIMETYPE="application/xml" SIZE="2115" CREATED="2022-02-17T13:56:02.818Z" CHECKSUM="1F66C5E7164FF886595DD8805C4C1BA741AA93DFCA4EFF47FD855A09F7CBB3A8" CHECKSUMTYPE="SHA-256"/>
        </digiprovMD>
        <digiprovMD ID="uuid-9FAEDA16-9B90-4A23-99DB-8E5354BACDE1" STATUS="CURRENT">
            <mdRef ID="urn_roda_premis_file_picture.jpg" LOCTYPE="URL" MDTYPE="PREMIS" xlink:type="simple" xlink:href="metadata/preservation/Structure/urn:roda:premis:file:picture.jpg.xml" MIMETYPE="application/xml" SIZE="2117" CREATED="2022-02-17T13:56:02.818Z" CHECKSUM="A5CE248A67857C24DEF9A1E5BD865FE77A268497F44D12EC925D06AB381E4413" CHECKSUMTYPE="SHA-256"/>
        </digiprovMD>
    </amdSec>
    <fileSec ID="uuid-385ADC7E-6B8C-40AC-9104-A051600BB1B4">
        <fileGrp ID="uuid-1437AED6-4A6A-4980-984E-49E656207D78" USE="Data">
            <file ID="ID-E4A37E03-82F3-4E37-87EA-B02138DA0C56" MIMETYPE="image/jpeg" SIZE="18919" CREATED="2022-02-17T13:56:02.817Z" CHECKSUM="D733881A5C0858A179BCEA5BCA85B60D0B8976356061E7A82E6C175409C8DCDE" CHECKSUMTYPE="SHA-256">
                <FLocat xlink:type="simple" xlink:href="data/Structure/picture.jpg" LOCTYPE="URL"/>
            </file>
            <file ID="ID-A98F6DE7-C39D-4E54-9864-AC7B9880A2CA" MIMETYPE="application/pdf" SIZE="8822" CREATED="2022-02-17T13:56:02.817Z" CHECKSUM="6B5B45CFBAD596CAA6A4BA39F93ADE021B4283B5BD9EEA5EF5F4C891B2D6A234" CHECKSUMTYPE="SHA-256">
                <FLocat xlink:type="simple" xlink:href="data/Structure/worddoc.pdf" LOCTYPE="URL"/>
            </file>
            <file ID="ID-B4514E29-836A-4626-98C6-3EA3730D91BA" MIMETYPE="application/pdf" SIZE="84799" CREATED="2022-02-17T13:56:02.818Z" CHECKSUM="DD7DAE9190401A0B4DC030EF9CA367FE60A34255CA2E2455E0B2E0504E59BCF5" CHECKSUMTYPE="SHA-256">
                <FLocat xlink:type="simple" xlink:href="data/Structure/Subfolder/pdf.pdf" LOCTYPE="URL"/>
            </file>
        </fileGrp>
    </fileSec>
    <structMap ID="uuid-D587B671-5C30-46B0-878E-74FA31B8CF47" TYPE="PHYSICAL" LABEL="CSIP">
        <div ID="uuid-E2E61488-4AF1-40FF-B627-A03E342BCABE" TYPE="OTHER" LABEL="c802b4e3-8b97-4fe7-8b4e-2e913682ff6f">
            <div ID="uuid-EC46C4A7-2348-4899-BA86-18A9B8D28C0A" ADMID="uuid-95CCECD6-D9CC-4920-8243-EF805DE6DC54 uuid-B7F2DB93-37CF-44EA-B64E-371D3F16E3F8 uuid-012D8802-ED2F-4179-BB42-93059CFA1B76 uuid-079CD2FE-06F0-4BA0-988B-F180707C3B25 uuid-07EB6654-637A-4AAC-8701-54F423CE8359 uuid-9FAEDA16-9B90-4A23-99DB-8E5354BACDE1" LABEL="Metadata"/>
            <div ID="uuid-07234ECD-E9E4-4276-8440-937F99331E2F" LABEL="Data">
                <fptr FILEID="uuid-1437AED6-4A6A-4980-984E-49E656207D78"/>
            </div>
        </div>
    </structMap>
</mets>
