<?xml version="1.0" encoding="UTF-8" standalone="yes"?>
<mets xmlns:xsi="http://www.w3.org/2001/XMLSchema-instance" xmlns:sip="https://DILCIS.eu/XML/METS/SIPExtensionMETS" xmlns="http://www.loc.gov/METS/" xmlns:csip="https://DILCIS.eu/XML/METS/CSIPExtensionMETS" xmlns:xlink="http://www.w3.org/1999/xlink" OBJID="6b86ff43-9b0e-439a-a3d9-d5fb0b0284f7" LABEL="" TYPE="Other" csip:OTHERTYPE="type" csip:CONTENTINFORMATIONTYPE="MIXED" PROFILE="NOT_DEFINED" xsi:schemaLocation="http://www.loc.gov/METS/ schemas/mets1_12.xsd http://www.w3.org/1999/xlink schemas/xlink.xsd https://dilcis.eu/XML/METS/CSIPExtensionMETS schemas/DILCISExtensionMETS.xsd https://dilcis.eu/XML/METS/SIPExtensionMETS schemas/DILCISExtensionSIPMETS.xsd">
    <metsHdr CREATEDATE="2022-02-17T13:56:02.813Z" LASTMODDATE="2022-02-17T13:56:02.813Z" RECORDSTATUS="NEW" csip:OAISPACKAGETYPE="AIP">
        <agent ROLE="CREATOR" TYPE="OTHER" OTHERTYPE="SOFTWARE">
            <name>RODA plugin: Create E-ARK AIP manifest files (METS.xml)</name>
            <note csip:NOTETYPE="SOFTWARE VERSION">1.0</note>
        </agent>
        <agent ROLE="OTHER" OTHERROLE="SUBMITTER" TYPE="INDIVIDUAL">
            <name>jk</name>
            <note csip:NOTETYPE="IDENTIFICATIONCODE">jk</note>
        </agent>
    </metsHdr>
    <dmdSec ID="uuid-B843C920-3569-4F04-8822-88A081169607" CREATED="2022-02-17T13:56:02.813Z" STATUS="CURRENT">
        <mdRef ID="scala.xml" LOCTYPE="URL" MDTYPE="OTHER" OTHERMDTYPE="ead" MDTYPEVERSION="2002" xlink:type="simple" xlink:href="metadata/descriptive/scala.xml" MIMETYPE="application/xml" SIZE="854" CREATED="2022-02-17T13:56:02.813Z" CHECKSUM="7ED02A6257D409A0F1D81D550C82B8EB446FA0F0A3EF0E7BB8F54D7CB7E270C2" CHECKSUMTYPE="SHA-256"/>
    </dmdSec>
    <dmdSec ID="uuid-6429E22D-64AB-4785-AEC4-61A520470C29" CREATED="2022-02-17T13:56:02.813Z" STATUS="CURRENT">
        <mdRef ID="meemoo.xml" LOCTYPE="URL" MDTYPE="OTHER" OTHERMDTYPE="meemoo" xlink:type="simple" xlink:href="metadata/descriptive/meemoo.xml" MIMETYPE="application/xml" SIZE="423" CREATED="2022-02-17T13:56:02.813Z" CHECKSUM="10A00A9D53711B9E8783D088724690C6D18AFF4EE37F2C454F47CFEA002C729E" CHECKSUMTYPE="SHA-256"/>
    </dmdSec>
    <amdSec ID="uuid-77FEE61B-33AC-4C5D-8507-C598769D40F1">
        <digiprovMD ID="uuid-133711E4-A51A-474E-9B6C-52FFA2993B6C" STATUS="CURRENT">
            <mdRef ID="urn_roda_premis_event_24a455f7-ec99-4637-8b9d-dd546378952b" LOCTYPE="URL" MDTYPE="PREMIS" xlink:type="simple" xlink:href="metadata/preservation/urn:roda:premis:event:24a455f7-ec99-4637-8b9d-dd546378952b.xml" MIMETYPE="application/xml" SIZE="1606" CREATED="2022-02-17T13:56:02.813Z" CHECKSUM="C28D6059FACCDB1AB3C325C43DF5F6E2D4B2FAF47EBC58C364A9F4E407C3B49A" CHECKSUMTYPE="SHA-256"/>
        </digiprovMD>
        <digiprovMD ID="uuid-15DAFC2D-8062-4A48-A06E-720A423099AC" STATUS="CURRENT">
            <mdRef ID="urn_roda_premis_event_d1ed715d-fd52-472d-8bb9-9f67fa363dd1" LOCTYPE="URL" MDTYPE="PREMIS" xlink:type="simple" xlink:href="metadata/preservation/urn:roda:premis:event:d1ed715d-fd52-472d-8bb9-9f67fa363dd1.xml" MIMETYPE="application/xml" SIZE="2201" CREATED="2022-02-17T13:56:02.814Z" CHECKSUM="596DC8D838D9ACC307BB5989A768075C54774E41BB13368AE1069BDA0F4C9141" CHECKSUMTYPE="SHA-256"/>
        </digiprovMD>
        <digiprovMD ID="uuid-62A0215B-D993-443D-BC51-A983A8D942ED" STATUS="CURRENT">
            <mdRef ID="urn_roda_premis_event_6afe84f2-7d00-453e-bab1-1f5f046108ee" LOCTYPE="URL" MDTYPE="PREMIS" xlink:type="simple" xlink:href="metadata/preservation/urn:roda:premis:event:6afe84f2-7d00-453e-bab1-1f5f046108ee.xml" MIMETYPE="application/xml" SIZE="1806" CREATED="2022-02-17T13:56:02.814Z" CHECKSUM="F24BDC08ED0501D24163AEACCEB88CB57715833D5AC703D2130F8BC68CAA6972" CHECKSUMTYPE="SHA-256"/>
        </digiprovMD>
        <digiprovMD ID="uuid-B08E51CB-E9C1-499A-9141-7E3E9279DBEE" STATUS="CURRENT">
            <mdRef ID="urn_roda_premis_event_4a02fcbd-b606-4c14-80a7-e70355b6a7fd" LOCTYPE="URL" MDTYPE="PREMIS" xlink:type="simple" xlink:href="metadata/preservation/urn:roda:premis:event:4a02fcbd-b606-4c14-80a7-e70355b6a7fd.xml" MIMETYPE="application/xml" SIZE="1844" CREATED="2022-02-17T13:56:02.814Z" CHECKSUM="FC22B05FB312E61CFFE1A87DE1404673F3EFB8C815B75368B2210CD6ADD5BEAD" CHECKSUMTYPE="SHA-256"/>
        </digiprovMD>
        <digiprovMD ID="uuid-E81D72F2-E8E0-464F-AA5E-43CE15029756" STATUS="CURRENT">
            <mdRef ID="urn_roda_premis_event_88697bfa-be08-428b-8a9f-72fde73449e9" LOCTYPE="URL" MDTYPE="PREMIS" xlink:type="simple" xlink:href="metadata/preservation/urn:roda:premis:event:88697bfa-be08-428b-8a9f-72fde73449e9.xml" MIMETYPE="application/xml" SIZE="1325" CREATED="2022-02-17T13:56:02.814Z" CHECKSUM="F8E196BBE13A8AEFEB5DC6871F32C56B6A722CECE698860F329960F0605C8A58" CHECKSUMTYPE="SHA-256"/>
        </digiprovMD>
        <digiprovMD ID="uuid-51C5D254-200D-4322-821E-B04B4AC5CE57" STATUS="CURRENT">
            <mdRef ID="urn_roda_premis_event_56f05381-5cb6-46b0-824c-5ee340543cbc" LOCTYPE="URL" MDTYPE="PREMIS" xlink:type="simple" xlink:href="metadata/preservation/urn:roda:premis:event:56f05381-5cb6-46b0-824c-5ee340543cbc.xml" MIMETYPE="application/xml" SIZE="1690" CREATED="2022-02-17T13:56:02.814Z" CHECKSUM="3A4927AA77C9F93C667574BE2EE1012D8FBCA9DD10303A54B1DB7F20F1C22E6B" CHECKSUMTYPE="SHA-256"/>
        </digiprovMD>
        <digiprovMD ID="uuid-10533D27-3CA4-41C5-88C9-873F698D84B6" STATUS="CURRENT">
            <mdRef ID="urn_roda_premis_event_2f66a8d3-677c-4fbb-9d76-7980ecf4b70b" LOCTYPE="URL" MDTYPE="PREMIS" xlink:type="simple" xlink:href="metadata/preservation/urn:roda:premis:event:2f66a8d3-677c-4fbb-9d76-7980ecf4b70b.xml" MIMETYPE="application/xml" SIZE="1918" CREATED="2022-02-17T13:56:02.814Z" CHECKSUM="755BDC12B083EC3EE13B8388C2D7EF692438928E396557996060BDE48C83A2B3" CHECKSUMTYPE="SHA-256"/>
        </digiprovMD>
        <digiprovMD ID="uuid-45E96A4F-C758-4006-8FE0-83F0EBB3D999" STATUS="CURRENT">
            <mdRef ID="urn_roda_premis_event_35888530-f7df-40b1-ae35-db9571d4485f" LOCTYPE="URL" MDTYPE="PREMIS" xlink:type="simple" xlink:href="metadata/preservation/urn:roda:premis:event:35888530-f7df-40b1-ae35-db9571d4485f.xml" MIMETYPE="application/xml" SIZE="1840" CREATED="2022-02-17T13:56:02.814Z" CHECKSUM="659CAC096A55A7B374A750DC141D1BECD809AE7AFB998DC180066E81B9B74D01" CHECKSUMTYPE="SHA-256"/>
        </digiprovMD>
        <digiprovMD ID="uuid-DF111AEB-9841-4DDC-BE36-591FA6952167" STATUS="CURRENT">
            <mdRef ID="urn_roda_premis_event_6e987cc8-6079-438e-82bb-ed7e2b951951" LOCTYPE="URL" MDTYPE="PREMIS" xlink:type="simple" xlink:href="metadata/preservation/urn:roda:premis:event:6e987cc8-6079-438e-82bb-ed7e2b951951.xml" MIMETYPE="application/xml" SIZE="1864" CREATED="2022-02-17T13:56:02.815Z" CHECKSUM="11ED7D45BB0BBB261E13C8E4131F1C6AB1C7FBDCF7D0FD193C75B007DECC77BE" CHECKSUMTYPE="SHA-256"/>
        </digiprovMD>
        <digiprovMD ID="uuid-1E789BDD-B377-49B9-AB6B-2C31E1563E5C" STATUS="CURRENT">
            <mdRef ID="urn_roda_premis_event_059abcce-fcce-412f-b138-68d7943abeda" LOCTYPE="URL" MDTYPE="PREMIS" xlink:type="simple" xlink:href="metadata/preservation/urn:roda:premis:event:059abcce-fcce-412f-b138-68d7943abeda.xml" MIMETYPE="application/xml" SIZE="1810" CREATED="2022-02-17T13:56:02.815Z" CHECKSUM="E66BABD57242B950CC6BF52A34315D9023FDAA610DEA263C07DDA9036B778A15" CHECKSUMTYPE="SHA-256"/>
        </digiprovMD>
        <digiprovMD ID="uuid-051B15BD-0321-469C-80D0-7999B46D6663" STATUS="CURRENT">
            <mdRef ID="urn_roda_premis_event_456bcf8e-3a8d-4200-a9c9-2fbff069df7b" LOCTYPE="URL" MDTYPE="PREMIS" xlink:type="simple" xlink:href="metadata/preservation/urn:roda:premis:event:456bcf8e-3a8d-4200-a9c9-2fbff069df7b.xml" MIMETYPE="application/xml" SIZE="1649" CREATED="2022-02-17T13:56:02.815Z" CHECKSUM="E492F0DD44C2A5B35EE7032D9A2BD6275490D2A16B7FC0061906531DB1F3C9ED" CHECKSUMTYPE="SHA-256"/>
        </digiprovMD>
    </amdSec>
    <fileSec ID="uuid-3706DD39-2751-4FAC-AE39-7E09F984094C">
        <fileGrp ID="uuid-41FEDC70-4FD1-4D18-9338-B6F781B6B400" USE="Schemas">
            <file ID="ID-0119F6E8-618C-4317-A6A3-898C04A51D7E" MIMETYPE="application/xml" SIZE="3180" CREATED="2022-02-17T13:56:02.819Z" CHECKSUM="F1F5BB6003165CDD8F6C1FCC32F8FD1F965E1681010F3B9806D9460BCFFA8A3C" CHECKSUMTYPE="SHA-256">
                <FLocat xlink:type="simple" xlink:href="schemas/xlink.xsd" LOCTYPE="URL"/>
            </file>
            <file ID="ID-43495455-0068-4A3D-8498-A1A9EB2E7CF9" MIMETYPE="application/xml" SIZE="137125" CREATED="2022-02-17T13:56:02.819Z" CHECKSUM="5D18B2751C52D87A92D2D947F1FC7974C034E9B1CBB9869B48C138755CBA12DE" CHECKSUMTYPE="SHA-256">
                <FLocat xlink:type="simple" xlink:href="schemas/mets1_12.xsd" LOCTYPE="URL"/>
            </file>
            <file ID="ID-1B2F72F3-3F28-40EA-A478-5836DBE8DAFA" MIMETYPE="application/xml" SIZE="499" CREATED="2022-02-17T13:56:02.819Z" CHECKSUM="43AC3F08DBECB74C069D1687187A1AEAED800E77581FE0D418468AE3AD20EF86" CHECKSUMTYPE="SHA-256">
                <FLocat xlink:type="simple" xlink:href="schemas/DILCISExtensionSIPMETS.xsd" LOCTYPE="URL"/>
            </file>
            <file ID="ID-DABCF98D-A171-460B-ACC4-BABBEFE4E98F" MIMETYPE="application/xml" SIZE="2038" CREATED="2022-02-17T13:56:02.820Z" CHECKSUM="B4A13747DDE7644122DC14DC7F7333FC51B12DE43039A73BA111A6E0E8204FCC" CHECKSUMTYPE="SHA-256">
                <FLocat xlink:type="simple" xlink:href="schemas/DILCISExtensionMETS.xsd" LOCTYPE="URL"/>
            </file>
            <file ID="ID-89AD07F5-0426-4383-9489-E9F3238ADED0" MIMETYPE="application/xml" SIZE="126644" CREATED="2022-02-17T13:56:02.820Z" CHECKSUM="2E35653E73A9B66E8796C3DBD24FE32B5037C055840126D9DB792752AC31080B" CHECKSUMTYPE="SHA-256">
                <FLocat xlink:type="simple" xlink:href="schemas/ead2002.xsd" LOCTYPE="URL"/>
            </file>
        </fileGrp>
        <fileGrp ID="uuid-0DDF375E-62BE-477C-B199-1DCF047FDA31" USE="Representations/rep1">
            <file ID="ID-A86974CC-2688-4F00-BF3C-604BCC406952" MIMETYPE="application/xml" SIZE="6932" CREATED="2022-02-17T13:56:02.846Z" CHECKSUM="CBB7F742318E99405BC7B67C89A7D774EC6BD87093EE8572900BC20FD2CF0483" CHECKSUMTYPE="SHA-256">
                <FLocat xlink:type="simple" xlink:href="representations/rep1/METS.xml" LOCTYPE="URL"/>
            </file>
        </fileGrp>
        <fileGrp ID="uuid-B4C47C33-824E-4BF7-8451-C07BA9203CE6" USE="Representations/c802b4e3-8b97-4fe7-8b4e-2e913682ff6f">
            <file ID="ID-E8E5FC48-8755-40B6-903F-34B41A6311BC" MIMETYPE="application/xml" SIZE="5921" CREATED="2022-02-17T13:56:02.870Z" CHECKSUM="8987C621A2A11B6FD8FBC1BFF02041ED45F14CA569D3AD5C675BCA179AECAD06" CHECKSUMTYPE="SHA-256">
                <FLocat xlink:type="simple" xlink:href="representations/c802b4e3-8b97-4fe7-8b4e-2e913682ff6f/METS.xml" LOCTYPE="URL"/>
            </file>
        </fileGrp>
    </fileSec>
    <structMap ID="uuid-80300108-5B89-4517-9C76-713F3C3825A4" TYPE="PHYSICAL" LABEL="CSIP">
        <div ID="uuid-B6152883-E7B9-48C6-B16F-8ADC2C645DCC" LABEL="6b86ff43-9b0e-439a-a3d9-d5fb0b0284f7">
            <div ID="uuid-EF91EB86-70E2-4457-8A3F-EFDCDE29C451" DMDID="uuid-B843C920-3569-4F04-8822-88A081169607 uuid-6429E22D-64AB-4785-AEC4-61A520470C29" ADMID="uuid-133711E4-A51A-474E-9B6C-52FFA2993B6C uuid-15DAFC2D-8062-4A48-A06E-720A423099AC uuid-62A0215B-D993-443D-BC51-A983A8D942ED uuid-B08E51CB-E9C1-499A-9141-7E3E9279DBEE uuid-E81D72F2-E8E0-464F-AA5E-43CE15029756 uuid-51C5D254-200D-4322-821E-B04B4AC5CE57 uuid-10533D27-3CA4-41C5-88C9-873F698D84B6 uuid-45E96A4F-C758-4006-8FE0-83F0EBB3D999 uuid-DF111AEB-9841-4DDC-BE36-591FA6952167 uuid-1E789BDD-B377-49B9-AB6B-2C31E1563E5C uuid-051B15BD-0321-469C-80D0-7999B46D6663" LABEL="Metadata"/>
            <div ID="uuid-4AA058AA-871C-4BF9-8A3A-A7D87EF41632" LABEL="Schemas">
                <fptr FILEID="uuid-41FEDC70-4FD1-4D18-9338-B6F781B6B400"/>
            </div>
            <div ID="uuid-17B59A77-B024-491F-8CE2-4E1D679A1282" LABEL="Representations/rep1">
                <mptr xlink:type="simple" xlink:href="representations/rep1/METS.xml" xlink:title="uuid-0DDF375E-62BE-477C-B199-1DCF047FDA31" LOCTYPE="URL"/>
            </div>
            <div ID="uuid-DDE3D203-3B99-48E2-9A61-94A699F58490" LABEL="Representations/c802b4e3-8b97-4fe7-8b4e-2e913682ff6f">
                <mptr xlink:type="simple" xlink:href="representations/c802b4e3-8b97-4fe7-8b4e-2e913682ff6f/METS.xml" xlink:title="uuid-B4C47C33-824E-4BF7-8451-C07BA9203CE6" LOCTYPE="URL"/>
            </div>
        </div>
    </structMap>
    <structMap ID="uuid-D1F873F8-D083-40BB-A9CB-8EC11ACCD5DC" LABEL="RODA structural map">
        <div ID="uuid-04B6AF1E-1382-4530-98D0-D71EC4595823" LABEL="RODA">
            <div ID="uuid-E41AD6D0-C4BA-4DCF-ADC8-9F3223D914E5" LABEL="Ancestors">
                <mptr xlink:type="simple" xlink:href="6c63fb22-ca07-4912-b559-6bc127aa7e1b" LOCTYPE="HANDLE"/>
            </div>
        </div>
    </structMap>
</mets>
