{"id":"d627cb6f-d266-4e8f-a772-3adf2e14e7f3","parentId":"6c63fb22-ca07-4912-b559-6bc127aa7e1b","type":"OTHER","state":"ACTIVE","permissions":{"users":{"CREATE":["ingest-OR-jq0st8z","admin","jkleevens"],"READ":["admin","jkleevens"],"UPDATE":["admin","jkleevens"],"DELETE":["admin","jkleevens"],"GRANT":["admin","jkleevens"]},"groups":{"CREATE":["Curator-VAi","administrators"],"READ":["Curator-VAi","administrators","VAi"],"UPDATE":["Curator-VAi","administrators"],"DELETE":["Curator-VAi","administrators"],"GRANT":["administrators"]}},"descriptiveMetadata":[{"id":"scala.xml","type":"ead","version":"2002"},{"id":"meemoo.xml","type":"meemoo"}],"representations":[],"ingestSIPUUID":"8f1deb07-538a-350c-9b82-062c464f1991","ingestSIPIds":["uuid-3a13d375-d811-464e-887c-e4e2c754f00a"],"ingestJobId":"5601a9ad-2edc-4727-a509-8a35602ab45f","ingestUpdateJobIds":[],"format":{"name":null,"version":null},"relationships":[],"createdOn":1645105689010,"createdBy":"jkleevens","updatedOn":1645105693543,"updatedBy":"jkleevens","disposal":{"holds":[],"transitiveHolds":[]}}