<?xml version="1.0" encoding="UTF-8" standalone="yes"?>
<mets xmlns:xsi="http://www.w3.org/2001/XMLSchema-instance" xmlns:sip="https://DILCIS.eu/XML/METS/SIPExtensionMETS" xmlns="http://www.loc.gov/METS/" xmlns:csip="https://DILCIS.eu/XML/METS/CSIPExtensionMETS" xmlns:xlink="http://www.w3.org/1999/xlink" OBJID="d627cb6f-d266-4e8f-a772-3adf2e14e7f3" LABEL="" TYPE="Other" csip:OTHERTYPE="type" csip:CONTENTINFORMATIONTYPE="MIXED" PROFILE="NOT_DEFINED" xsi:schemaLocation="http://www.loc.gov/METS/ schemas/mets1_12.xsd http://www.w3.org/1999/xlink schemas/xlink.xsd https://dilcis.eu/XML/METS/CSIPExtensionMETS schemas/DILCISExtensionMETS.xsd https://dilcis.eu/XML/METS/SIPExtensionMETS schemas/DILCISExtensionSIPMETS.xsd">
    <metsHdr CREATEDATE="2022-02-17T13:50:45.946Z" LASTMODDATE="2022-02-17T13:50:45.946Z" RECORDSTATUS="NEW" csip:OAISPACKAGETYPE="AIP">
        <agent ROLE="CREATOR" TYPE="OTHER" OTHERTYPE="SOFTWARE">
            <name>RODA plugin: Create E-ARK AIP manifest files (METS.xml)</name>
            <note csip:NOTETYPE="SOFTWARE VERSION">1.0</note>
        </agent>
        <agent ROLE="OTHER" OTHERROLE="SUBMITTER" TYPE="INDIVIDUAL">
            <name>jk</name>
            <note csip:NOTETYPE="IDENTIFICATIONCODE">jk</note>
        </agent>
    </metsHdr>
    <dmdSec ID="uuid-47045329-AFDA-4D7E-AFC9-A690B97E86A3" CREATED="2022-02-17T13:50:45.988Z" STATUS="CURRENT">
        <mdRef ID="scala.xml" LOCTYPE="URL" MDTYPE="OTHER" OTHERMDTYPE="ead" MDTYPEVERSION="2002" xlink:type="simple" xlink:href="metadata/descriptive/scala.xml" MIMETYPE="application/xml" SIZE="846" CREATED="2022-02-17T13:50:45.988Z" CHECKSUM="FD6A3B2D271157C4269D6611773D30F8A5B120DE56E45AFFCF9E251859DE914E" CHECKSUMTYPE="SHA-256"/>
    </dmdSec>
    <dmdSec ID="uuid-1E5ECDF6-4506-4ECC-B072-5405E6AAB91D" CREATED="2022-02-17T13:50:45.993Z" STATUS="CURRENT">
        <mdRef ID="meemoo.xml" LOCTYPE="URL" MDTYPE="OTHER" OTHERMDTYPE="meemoo" xlink:type="simple" xlink:href="metadata/descriptive/meemoo.xml" MIMETYPE="application/xml" SIZE="423" CREATED="2022-02-17T13:50:45.993Z" CHECKSUM="10A00A9D53711B9E8783D088724690C6D18AFF4EE37F2C454F47CFEA002C729E" CHECKSUMTYPE="SHA-256"/>
    </dmdSec>
    <amdSec ID="uuid-49FC75F1-1CA7-4342-9886-93E4890D7642">
        <digiprovMD ID="uuid-DACC53F2-B8B6-4F37-B3FE-0A676999F384" STATUS="CURRENT">
            <mdRef ID="urn_roda_premis_event_e39a263b-e265-4e5c-9ddd-67a06a92eaab" LOCTYPE="URL" MDTYPE="PREMIS" xlink:type="simple" xlink:href="metadata/preservation/urn:roda:premis:event:e39a263b-e265-4e5c-9ddd-67a06a92eaab.xml" MIMETYPE="application/xml" SIZE="1937" CREATED="2022-02-17T13:50:45.994Z" CHECKSUM="C55C4545F1DCA7FFF5A20B53FF894C073F446EEA777BFEA3F8925EB7E48808B4" CHECKSUMTYPE="SHA-256"/>
        </digiprovMD>
        <digiprovMD ID="uuid-73D6EA85-FDDD-40AA-8CBF-F63EB16491B3" STATUS="CURRENT">
            <mdRef ID="urn_roda_premis_event_887a17d7-ddf7-4898-9bd2-680dfd37e065" LOCTYPE="URL" MDTYPE="PREMIS" xlink:type="simple" xlink:href="metadata/preservation/urn:roda:premis:event:887a17d7-ddf7-4898-9bd2-680dfd37e065.xml" MIMETYPE="application/xml" SIZE="1810" CREATED="2022-02-17T13:50:45.994Z" CHECKSUM="8BB199D898599F1B29871DEFBE8250330BB9132B6370DDBF908F9760014FA4C8" CHECKSUMTYPE="SHA-256"/>
        </digiprovMD>
        <digiprovMD ID="uuid-2CEDA09C-FB19-43F0-993F-5740438AF7EB" STATUS="CURRENT">
            <mdRef ID="urn_roda_premis_event_c12d0ebc-6cc6-4524-bfcb-da7cf7b085bb" LOCTYPE="URL" MDTYPE="PREMIS" xlink:type="simple" xlink:href="metadata/preservation/urn:roda:premis:event:c12d0ebc-6cc6-4524-bfcb-da7cf7b085bb.xml" MIMETYPE="application/xml" SIZE="1863" CREATED="2022-02-17T13:50:45.995Z" CHECKSUM="8F13F39A7D304067649E64A8464BDDC77F2A17F39400735EA5046B60F8F83F40" CHECKSUMTYPE="SHA-256"/>
        </digiprovMD>
        <digiprovMD ID="uuid-0954FE3E-75C1-4CCB-A36F-3F54C95D57E3" STATUS="CURRENT">
            <mdRef ID="urn_roda_premis_event_c353d35c-de6f-41a7-bb5a-a4e2c22cc96a" LOCTYPE="URL" MDTYPE="PREMIS" xlink:type="simple" xlink:href="metadata/preservation/urn:roda:premis:event:c353d35c-de6f-41a7-bb5a-a4e2c22cc96a.xml" MIMETYPE="application/xml" SIZE="1806" CREATED="2022-02-17T13:50:45.995Z" CHECKSUM="B22293EBA0DD0395409338470D66A8EEEEB4EA127563973D40D96FE76BD21037" CHECKSUMTYPE="SHA-256"/>
        </digiprovMD>
        <digiprovMD ID="uuid-D3FD732E-2B45-43D3-8AE8-E5DB62118EB5" STATUS="CURRENT">
            <mdRef ID="urn_roda_premis_event_00c34c57-23d7-45f5-b33f-7fe6273ef769" LOCTYPE="URL" MDTYPE="PREMIS" xlink:type="simple" xlink:href="metadata/preservation/urn:roda:premis:event:00c34c57-23d7-45f5-b33f-7fe6273ef769.xml" MIMETYPE="application/xml" SIZE="1883" CREATED="2022-02-17T13:50:45.995Z" CHECKSUM="4BD9D8F2B559BFB6C9E26989D78F0C4110D9FE59514A2120A19243D80D5345EF" CHECKSUMTYPE="SHA-256"/>
        </digiprovMD>
        <digiprovMD ID="uuid-0A5B6251-A962-46DB-A367-2A1479744A57" STATUS="CURRENT">
            <mdRef ID="urn_roda_premis_event_a81496ee-a391-427b-9a62-f69961bc9679" LOCTYPE="URL" MDTYPE="PREMIS" xlink:type="simple" xlink:href="metadata/preservation/urn:roda:premis:event:a81496ee-a391-427b-9a62-f69961bc9679.xml" MIMETYPE="application/xml" SIZE="1649" CREATED="2022-02-17T13:50:45.996Z" CHECKSUM="69FC6EAF1B27B7170EDD292077B61F1601EE88DA8DDA1576E29437DA56766512" CHECKSUMTYPE="SHA-256"/>
        </digiprovMD>
        <digiprovMD ID="uuid-A5D5EE3B-C486-4EC4-A068-673174FE263E" STATUS="CURRENT">
            <mdRef ID="urn_roda_premis_event_fac1c316-dfe1-4c48-b0f5-da4554fb0a0c" LOCTYPE="URL" MDTYPE="PREMIS" xlink:type="simple" xlink:href="metadata/preservation/urn:roda:premis:event:fac1c316-dfe1-4c48-b0f5-da4554fb0a0c.xml" MIMETYPE="application/xml" SIZE="1302" CREATED="2022-02-17T13:50:45.996Z" CHECKSUM="1A79DA5E051C3CA0E99E39F651C2BCCF31B85498E371A36A3533454F2FD27D62" CHECKSUMTYPE="SHA-256"/>
        </digiprovMD>
        <digiprovMD ID="uuid-E3A62B0F-3CFB-4A6D-9A31-0FD654F85A6E" STATUS="CURRENT">
            <mdRef ID="urn_roda_premis_event_3cefc085-3646-4d77-8008-bcdb0b84b4ec" LOCTYPE="URL" MDTYPE="PREMIS" xlink:type="simple" xlink:href="metadata/preservation/urn:roda:premis:event:3cefc085-3646-4d77-8008-bcdb0b84b4ec.xml" MIMETYPE="application/xml" SIZE="1859" CREATED="2022-02-17T13:50:45.996Z" CHECKSUM="7640F334E99275FF62877C339FBE0C980091FE76BC9754CB73107262018B2BD8" CHECKSUMTYPE="SHA-256"/>
        </digiprovMD>
        <digiprovMD ID="uuid-7E48F014-9E37-492F-A180-159DDE6CD0E6" STATUS="CURRENT">
            <mdRef ID="urn_roda_premis_event_b82fe397-0864-45e1-b143-22284f7b9921" LOCTYPE="URL" MDTYPE="PREMIS" xlink:type="simple" xlink:href="metadata/preservation/urn:roda:premis:event:b82fe397-0864-45e1-b143-22284f7b9921.xml" MIMETYPE="application/xml" SIZE="1690" CREATED="2022-02-17T13:50:45.997Z" CHECKSUM="0C6D7F03A9A8624CC472C4520DFBF0C088E9B08926B702AA93AF39F677D8DE20" CHECKSUMTYPE="SHA-256"/>
        </digiprovMD>
    </amdSec>
    <fileSec ID="uuid-2E4EA028-F31F-4852-A45E-EFF427A95CAC">
        <fileGrp ID="uuid-53B8CB58-F11F-4A7B-A709-BEC4B99FB45E" USE="Schemas">
            <file ID="ID-CF5B12F6-D48A-4FA4-BD46-8E37E6F63D62" MIMETYPE="application/xml" SIZE="3180" CREATED="2022-02-17T13:50:45.997Z" CHECKSUM="F1F5BB6003165CDD8F6C1FCC32F8FD1F965E1681010F3B9806D9460BCFFA8A3C" CHECKSUMTYPE="SHA-256">
                <FLocat xlink:type="simple" xlink:href="schemas/xlink.xsd" LOCTYPE="URL"/>
            </file>
            <file ID="ID-10A79FB3-E261-4E49-A093-73F3802B2864" MIMETYPE="application/xml" SIZE="137125" CREATED="2022-02-17T13:50:45.999Z" CHECKSUM="5D18B2751C52D87A92D2D947F1FC7974C034E9B1CBB9869B48C138755CBA12DE" CHECKSUMTYPE="SHA-256">
                <FLocat xlink:type="simple" xlink:href="schemas/mets1_12.xsd" LOCTYPE="URL"/>
            </file>
            <file ID="ID-8A159599-315C-4F43-B473-7CC320EF5138" MIMETYPE="application/xml" SIZE="499" CREATED="2022-02-17T13:50:46.000Z" CHECKSUM="43AC3F08DBECB74C069D1687187A1AEAED800E77581FE0D418468AE3AD20EF86" CHECKSUMTYPE="SHA-256">
                <FLocat xlink:type="simple" xlink:href="schemas/DILCISExtensionSIPMETS.xsd" LOCTYPE="URL"/>
            </file>
            <file ID="ID-18975FB9-92A8-46FD-B429-D5B984B84467" MIMETYPE="application/xml" SIZE="2038" CREATED="2022-02-17T13:50:46.000Z" CHECKSUM="B4A13747DDE7644122DC14DC7F7333FC51B12DE43039A73BA111A6E0E8204FCC" CHECKSUMTYPE="SHA-256">
                <FLocat xlink:type="simple" xlink:href="schemas/DILCISExtensionMETS.xsd" LOCTYPE="URL"/>
            </file>
            <file ID="ID-7FE09DDC-F3B6-4B16-893D-060F7C1258BA" MIMETYPE="application/xml" SIZE="126644" CREATED="2022-02-17T13:50:46.000Z" CHECKSUM="2E35653E73A9B66E8796C3DBD24FE32B5037C055840126D9DB792752AC31080B" CHECKSUMTYPE="SHA-256">
                <FLocat xlink:type="simple" xlink:href="schemas/ead2002.xsd" LOCTYPE="URL"/>
            </file>
        </fileGrp>
    </fileSec>
    <structMap ID="uuid-78288CB4-E501-4495-A019-FA96F01481F7" TYPE="PHYSICAL" LABEL="CSIP">
        <div ID="uuid-0BBE6803-AA3E-40FE-B159-3CE863B57A59" LABEL="d627cb6f-d266-4e8f-a772-3adf2e14e7f3">
            <div ID="uuid-1C7F0658-FE28-47F9-970B-F1E214BB22F8" DMDID="uuid-47045329-AFDA-4D7E-AFC9-A690B97E86A3 uuid-1E5ECDF6-4506-4ECC-B072-5405E6AAB91D" ADMID="uuid-DACC53F2-B8B6-4F37-B3FE-0A676999F384 uuid-73D6EA85-FDDD-40AA-8CBF-F63EB16491B3 uuid-2CEDA09C-FB19-43F0-993F-5740438AF7EB uuid-0954FE3E-75C1-4CCB-A36F-3F54C95D57E3 uuid-D3FD732E-2B45-43D3-8AE8-E5DB62118EB5 uuid-0A5B6251-A962-46DB-A367-2A1479744A57 uuid-A5D5EE3B-C486-4EC4-A068-673174FE263E uuid-E3A62B0F-3CFB-4A6D-9A31-0FD654F85A6E uuid-7E48F014-9E37-492F-A180-159DDE6CD0E6" LABEL="Metadata"/>
            <div ID="uuid-F61FF585-EF92-4B75-9C41-E1E8709EC1FA" LABEL="Schemas">
                <fptr FILEID="uuid-53B8CB58-F11F-4A7B-A709-BEC4B99FB45E"/>
            </div>
        </div>
    </structMap>
    <structMap ID="uuid-02F21968-1AC2-46BF-89E6-932C2A2D9D49" LABEL="RODA structural map">
        <div ID="uuid-5031B979-5C12-421F-B19D-85F0D01AE826" LABEL="RODA">
            <div ID="uuid-D4E92F51-55FE-4CB0-9813-69826B16A7F3" LABEL="Ancestors">
                <mptr xlink:type="simple" xlink:href="6c63fb22-ca07-4912-b559-6bc127aa7e1b" LOCTYPE="HANDLE"/>
            </div>
        </div>
    </structMap>
</mets>
