<?xml version="1.0" encoding="UTF-8"?>
<v3:object xsi:type="v3:representation" xmlns:v3="http://www.loc.gov/premis/v3" xmlns:xsi="http://www.w3.org/2001/XMLSchema-instance">
  <v3:objectIdentifier>
    <v3:objectIdentifierType>URN</v3:objectIdentifierType>
    <v3:objectIdentifierValue>urn:roda:premis:representation:76af487e-7c63-3a1d-9ef2-5eec0b9e139d</v3:objectIdentifierValue>
  </v3:objectIdentifier>
  <v3:preservationLevel>
    <v3:preservationLevelValue/>
  </v3:preservationLevel>
  <v3:relationship>
    <v3:relationshipType>structural</v3:relationshipType>
    <v3:relationshipSubType>hasPart</v3:relationshipSubType>
    <v3:relatedObjectIdentifier>
      <v3:relatedObjectIdentifierType>URN</v3:relatedObjectIdentifierType>
      <v3:relatedObjectIdentifierValue>urn:roda:premis:file:Stuk2_Presentatie.pptx</v3:relatedObjectIdentifierValue>
    </v3:relatedObjectIdentifier>
  </v3:relationship>
  <v3:relationship>
    <v3:relationshipType>structural</v3:relationshipType>
    <v3:relationshipSubType>hasPart</v3:relationshipSubType>
    <v3:relatedObjectIdentifier>
      <v3:relatedObjectIdentifierType>URN</v3:relatedObjectIdentifierType>
      <v3:relatedObjectIdentifierValue>urn:roda:premis:file:Stuk1_Tekstdocument.docx</v3:relatedObjectIdentifierValue>
    </v3:relatedObjectIdentifier>
  </v3:relationship>
  <v3:relationship>
    <v3:relationshipType>structural</v3:relationshipType>
    <v3:relationshipSubType>hasPart</v3:relationshipSubType>
    <v3:relatedObjectIdentifier>
      <v3:relatedObjectIdentifierType>URN</v3:relatedObjectIdentifierType>
      <v3:relatedObjectIdentifierValue>urn:roda:premis:file:Stuk3_Rekenblad.xlsx</v3:relatedObjectIdentifierValue>
    </v3:relatedObjectIdentifier>
  </v3:relationship>
  <v3:relationship>
    <v3:relationshipType>structural</v3:relationshipType>
    <v3:relationshipSubType>hasPart</v3:relationshipSubType>
    <v3:relatedObjectIdentifier>
      <v3:relatedObjectIdentifierType>URN</v3:relatedObjectIdentifierType>
      <v3:relatedObjectIdentifierValue>urn:roda:premis:file:Stuk2_Presentatie.pptx</v3:relatedObjectIdentifierValue>
    </v3:relatedObjectIdentifier>
  </v3:relationship>
  <v3:relationship>
    <v3:relationshipType>structural</v3:relationshipType>
    <v3:relationshipSubType>hasPart</v3:relationshipSubType>
    <v3:relatedObjectIdentifier>
      <v3:relatedObjectIdentifierType>URN</v3:relatedObjectIdentifierType>
      <v3:relatedObjectIdentifierValue>urn:roda:premis:file:Stuk1_Tekstdocument.docx</v3:relatedObjectIdentifierValue>
    </v3:relatedObjectIdentifier>
  </v3:relationship>
  <v3:relationship>
    <v3:relationshipType>structural</v3:relationshipType>
    <v3:relationshipSubType>hasPart</v3:relationshipSubType>
    <v3:relatedObjectIdentifier>
      <v3:relatedObjectIdentifierType>URN</v3:relatedObjectIdentifierType>
      <v3:relatedObjectIdentifierValue>urn:roda:premis:file:Stuk3_Rekenblad.xlsx</v3:relatedObjectIdentifierValue>
    </v3:relatedObjectIdentifier>
  </v3:relationship>
  <v3:relationship>
    <v3:relationshipType>structural</v3:relationshipType>
    <v3:relationshipSubType>hasPart</v3:relationshipSubType>
    <v3:relatedObjectIdentifier>
      <v3:relatedObjectIdentifierType>URN</v3:relatedObjectIdentifierType>
      <v3:relatedObjectIdentifierValue>urn:roda:premis:file:Stuk2_Presentatie.pptx</v3:relatedObjectIdentifierValue>
    </v3:relatedObjectIdentifier>
  </v3:relationship>
  <v3:relationship>
    <v3:relationshipType>structural</v3:relationshipType>
    <v3:relationshipSubType>hasPart</v3:relationshipSubType>
    <v3:relatedObjectIdentifier>
      <v3:relatedObjectIdentifierType>URN</v3:relatedObjectIdentifierType>
      <v3:relatedObjectIdentifierValue>urn:roda:premis:file:Stuk1_Tekstdocument.docx</v3:relatedObjectIdentifierValue>
    </v3:relatedObjectIdentifier>
  </v3:relationship>
  <v3:relationship>
    <v3:relationshipType>structural</v3:relationshipType>
    <v3:relationshipSubType>hasPart</v3:relationshipSubType>
    <v3:relatedObjectIdentifier>
      <v3:relatedObjectIdentifierType>URN</v3:relatedObjectIdentifierType>
      <v3:relatedObjectIdentifierValue>urn:roda:premis:file:Testdocument2.pptx</v3:relatedObjectIdentifierValue>
    </v3:relatedObjectIdentifier>
  </v3:relationship>
  <v3:relationship>
    <v3:relationshipType>structural</v3:relationshipType>
    <v3:relationshipSubType>hasPart</v3:relationshipSubType>
    <v3:relatedObjectIdentifier>
      <v3:relatedObjectIdentifierType>URN</v3:relatedObjectIdentifierType>
      <v3:relatedObjectIdentifierValue>urn:roda:premis:file:Testdocument_def.pdf</v3:relatedObjectIdentifierValue>
    </v3:relatedObjectIdentifier>
  </v3:relationship>
  <v3:relationship>
    <v3:relationshipType>structural</v3:relationshipType>
    <v3:relationshipSubType>hasPart</v3:relationshipSubType>
    <v3:relatedObjectIdentifier>
      <v3:relatedObjectIdentifierType>URN</v3:relatedObjectIdentifierType>
      <v3:relatedObjectIdentifierValue>urn:roda:premis:file:Testdocument.docx</v3:relatedObjectIdentifierValue>
    </v3:relatedObjectIdentifier>
  </v3:relationship>
  <v3:relationship>
    <v3:relationshipType>structural</v3:relationshipType>
    <v3:relationshipSubType>hasPart</v3:relationshipSubType>
    <v3:relatedObjectIdentifier>
      <v3:relatedObjectIdentifierType>URN</v3:relatedObjectIdentifierType>
      <v3:relatedObjectIdentifierValue>urn:roda:premis:file:Stuk3_Rekenblad.xlsx</v3:relatedObjectIdentifierValue>
    </v3:relatedObjectIdentifier>
  </v3:relationship>
</v3:object>