{"filename":"/roda/data/storage/aip/668b3f2f-51be-4dd7-ace6-d73a41b8526c/representations/rep1/data/Dossier_2/Stuk1_Tekstdocument.docx","filesize":11803,"modified":"2021-09-20T10:42:12Z","errors":"","matches":[{"ns":"pronom","id":"fmt/412","format":"Microsoft Word for Windows","version":"2007 onwards","mime":"application/vnd.openxmlformats-officedocument.wordprocessingml.document","basis":"extension match docx; container name [Content_Types].xml with byte match at 327, 94 (signature 1/3)","warning":""}]}