<?xml version="1.0" encoding="UTF-8"?>
<v3:object xsi:type="v3:file" xmlns:v3="http://www.loc.gov/premis/v3" xmlns:xsi="http://www.w3.org/2001/XMLSchema-instance">
  <v3:objectIdentifier>
    <v3:objectIdentifierType>URN</v3:objectIdentifierType>
    <v3:objectIdentifierValue>urn:roda:premis:file:Stuk2_Presentatie.pptx</v3:objectIdentifierValue>
  </v3:objectIdentifier>
  <v3:preservationLevel>
    <v3:preservationLevelValue>full</v3:preservationLevelValue>
  </v3:preservationLevel>
  <v3:objectCharacteristics>
    <v3:fixity>
      <v3:messageDigestAlgorithm>SHA-1</v3:messageDigestAlgorithm>
      <v3:messageDigest>DC6C2D161C25A11E03C2491F93A0DC967AE6BFFF</v3:messageDigest>
      <v3:messageDigestOriginator>RODA</v3:messageDigestOriginator>
    </v3:fixity>
    <v3:fixity>
      <v3:messageDigestAlgorithm>SHA-256</v3:messageDigestAlgorithm>
      <v3:messageDigest>E4E5DCB31B04F303AF58D5741E7B8F05D1E8EC8FCCAA012FA7750749EE0F3E80</v3:messageDigest>
      <v3:messageDigestOriginator>RODA</v3:messageDigestOriginator>
    </v3:fixity>
    <v3:fixity>
      <v3:messageDigestAlgorithm>MD5</v3:messageDigestAlgorithm>
      <v3:messageDigest>C501376ED3173ED370A49575F99CFA92</v3:messageDigest>
      <v3:messageDigestOriginator>RODA</v3:messageDigestOriginator>
    </v3:fixity>
    <v3:size>32397</v3:size>
    <v3:format>
      <v3:formatDesignation>
        <v3:formatName>Microsoft Powerpoint for Windows</v3:formatName>
        <v3:formatVersion>2007 onwards</v3:formatVersion>
      </v3:formatDesignation>
    </v3:format>
    <v3:format>
      <v3:formatRegistry>
        <v3:formatRegistryName>pronom</v3:formatRegistryName>
        <v3:formatRegistryKey>fmt/215</v3:formatRegistryKey>
      </v3:formatRegistry>
    </v3:format>
    <v3:format>
      <v3:formatRegistry>
        <v3:formatRegistryName>mime</v3:formatRegistryName>
        <v3:formatRegistryKey>application/vnd.openxmlformats-officedocument.presentationml.presentation</v3:formatRegistryKey>
      </v3:formatRegistry>
    </v3:format>
  </v3:objectCharacteristics>
  <v3:originalName>Stuk2_Presentatie.pptx</v3:originalName>
  <v3:storage>
    <v3:contentLocation>
      <v3:contentLocationType/>
      <v3:contentLocationValue/>
    </v3:contentLocation>
  </v3:storage>
</v3:object>