<?xml version="1.0" encoding="UTF-8"?>
<event xmlns="http://www.loc.gov/premis/v3">
  <eventIdentifier>
    <eventIdentifierType>URN</eventIdentifierType>
    <eventIdentifierValue>urn:roda:premis:event:fac1c316-dfe1-4c48-b0f5-da4554fb0a0c</eventIdentifierValue>
  </eventIdentifier>
  <eventType>format identification</eventType>
  <eventDateTime>2022-02-17T13:48:11.96Z</eventDateTime>
  <eventDetailInformation>
    <eventDetail>Identified the object's file formats and versions using Siegfried.</eventDetail>
  </eventDetailInformation>
  <eventOutcomeInformation>
    <eventOutcome>SKIPPED</eventOutcome>
    <eventOutcomeDetail>
      <eventOutcomeDetailNote>The package skipped the action.</eventOutcomeDetailNote>
    </eventOutcomeDetail>
  </eventOutcomeInformation>
  <linkingAgentIdentifier>
    <linkingAgentIdentifierType>URN</linkingAgentIdentifierType>
    <linkingAgentIdentifierValue>urn:roda:premis:agent:org.roda.core.plugins.plugins.characterization.SiegfriedPlugin@1.9.2 w/ DROID_SignatureFile_V100</linkingAgentIdentifierValue>
  </linkingAgentIdentifier>
  <linkingAgentIdentifier>
    <linkingAgentIdentifierType>URN</linkingAgentIdentifierType>
    <linkingAgentIdentifierValue>urn:roda:premis:agent:jkleevens</linkingAgentIdentifierValue>
  </linkingAgentIdentifier>
</event>