<?xml version="1.0" encoding="UTF-8"?>
<event xmlns="http://www.loc.gov/premis/v3">
  <eventIdentifier>
    <eventIdentifierType>URN</eventIdentifierType>
    <eventIdentifierValue>urn:roda:premis:event:e39a263b-e265-4e5c-9ddd-67a06a92eaab</eventIdentifierValue>
  </eventIdentifier>
  <eventType>wellformedness check</eventType>
  <eventDateTime>2022-02-17T13:48:09.27Z</eventDateTime>
  <eventDetailInformation>
    <eventDetail>Checked that the received SIP is well formed, complete and that no unexpected files were included.</eventDetail>
  </eventDetailInformation>
  <eventOutcomeInformation>
    <eventOutcome>SUCCESS</eventOutcome>
    <eventOutcomeDetail>
      <eventOutcomeDetailNote>The SIP was well formed and complete.</eventOutcomeDetailNote>
    </eventOutcomeDetail>
  </eventOutcomeInformation>
  <linkingAgentIdentifier>
    <linkingAgentIdentifierType>URN</linkingAgentIdentifierType>
    <linkingAgentIdentifierValue>urn:roda:premis:agent:org.roda.core.plugins.plugins.ingest.EARKSIP2ToAIPPlugin@1.0</linkingAgentIdentifierValue>
  </linkingAgentIdentifier>
  <linkingAgentIdentifier>
    <linkingAgentIdentifierType>URN</linkingAgentIdentifierType>
    <linkingAgentIdentifierValue>urn:roda:premis:agent:jkleevens</linkingAgentIdentifierValue>
  </linkingAgentIdentifier>
  <linkingObjectIdentifier>
    <linkingObjectIdentifierType>URN</linkingObjectIdentifierType>
    <linkingObjectIdentifierValue>urn:roda:transferred_resource:vai/minimum aip zonder rep - uuid-3a13d375-d811-464e-887c-e4e2c754f00a.zip</linkingObjectIdentifierValue>
    <linkingObjectRole>source</linkingObjectRole>
  </linkingObjectIdentifier>
  <linkingObjectIdentifier>
    <linkingObjectIdentifierType>URN</linkingObjectIdentifierType>
    <linkingObjectIdentifierValue>urn:roda:aip:d627cb6f-d266-4e8f-a772-3adf2e14e7f3</linkingObjectIdentifierValue>
    <linkingObjectRole>outcome</linkingObjectRole>
  </linkingObjectIdentifier>
</event>