<?xml version="1.0" encoding="UTF-8"?>
<event xmlns="http://www.loc.gov/premis/v3">
  <eventIdentifier>
    <eventIdentifierType>URN</eventIdentifierType>
    <eventIdentifierValue>urn:roda:premis:event:b82fe397-0864-45e1-b143-22284f7b9921</eventIdentifierValue>
  </eventIdentifier>
  <eventType>wellformedness check</eventType>
  <eventDateTime>2022-02-17T13:48:10.53Z</eventDateTime>
  <eventDetailInformation>
    <eventDetail>Checked whether the descriptive metadata is included in the SIP and if this metadata is valid according to the established policy.</eventDetail>
  </eventDetailInformation>
  <eventOutcomeInformation>
    <eventOutcome>SUCCESS</eventOutcome>
    <eventOutcomeDetail>
      <eventOutcomeDetailNote>Descriptive metadata is well formed and complete.
Schemas used on validation: EAD (2002)</eventOutcomeDetailNote>
    </eventOutcomeDetail>
  </eventOutcomeInformation>
  <linkingAgentIdentifier>
    <linkingAgentIdentifierType>URN</linkingAgentIdentifierType>
    <linkingAgentIdentifierValue>urn:roda:premis:agent:org.roda.core.plugins.plugins.base.DescriptiveMetadataValidationPlugin@1.0</linkingAgentIdentifierValue>
  </linkingAgentIdentifier>
  <linkingAgentIdentifier>
    <linkingAgentIdentifierType>URN</linkingAgentIdentifierType>
    <linkingAgentIdentifierValue>urn:roda:premis:agent:jkleevens</linkingAgentIdentifierValue>
  </linkingAgentIdentifier>
  <linkingObjectIdentifier>
    <linkingObjectIdentifierType>URN</linkingObjectIdentifierType>
    <linkingObjectIdentifierValue>urn:roda:aip:d627cb6f-d266-4e8f-a772-3adf2e14e7f3</linkingObjectIdentifierValue>
    <linkingObjectRole>outcome</linkingObjectRole>
  </linkingObjectIdentifier>
</event>