<?xml version="1.0" encoding="UTF-8"?>
<event xmlns="http://www.loc.gov/premis/v3">
  <eventIdentifier>
    <eventIdentifierType>URN</eventIdentifierType>
    <eventIdentifierValue>urn:roda:premis:event:a81496ee-a391-427b-9a62-f69961bc9679</eventIdentifierValue>
  </eventIdentifier>
  <eventType>accession</eventType>
  <eventDateTime>2022-02-17T13:48:13.59Z</eventDateTime>
  <eventDetailInformation>
    <eventDetail>Added package to the inventory. After this point, the responsibility for the digital content’s preservation is passed on to the repository.</eventDetail>
  </eventDetailInformation>
  <eventOutcomeInformation>
    <eventOutcome>SUCCESS</eventOutcome>
    <eventOutcomeDetail>
      <eventOutcomeDetailNote>The AIP was successfully added to the repository's inventory.</eventOutcomeDetailNote>
    </eventOutcomeDetail>
  </eventOutcomeInformation>
  <linkingAgentIdentifier>
    <linkingAgentIdentifierType>URN</linkingAgentIdentifierType>
    <linkingAgentIdentifierValue>urn:roda:premis:agent:org.roda.core.plugins.plugins.ingest.AutoAcceptSIPPlugin@1.0</linkingAgentIdentifierValue>
  </linkingAgentIdentifier>
  <linkingAgentIdentifier>
    <linkingAgentIdentifierType>URN</linkingAgentIdentifierType>
    <linkingAgentIdentifierValue>urn:roda:premis:agent:jkleevens</linkingAgentIdentifierValue>
  </linkingAgentIdentifier>
  <linkingObjectIdentifier>
    <linkingObjectIdentifierType>URN</linkingObjectIdentifierType>
    <linkingObjectIdentifierValue>urn:roda:aip:d627cb6f-d266-4e8f-a772-3adf2e14e7f3</linkingObjectIdentifierValue>
    <linkingObjectRole>outcome</linkingObjectRole>
  </linkingObjectIdentifier>
</event>