<?xml version="1.0" encoding="UTF-8"?>
<event xmlns="http://www.loc.gov/premis/v3">
  <eventIdentifier>
    <eventIdentifierType>URN</eventIdentifierType>
    <eventIdentifierValue>urn:roda:premis:event:887a17d7-ddf7-4898-9bd2-680dfd37e065</eventIdentifierValue>
  </eventIdentifier>
  <eventType>virus check</eventType>
  <eventDateTime>2022-02-17T13:48:10.06Z</eventDateTime>
  <eventDetailInformation>
    <eventDetail>Scanned package for malicious programs using ClamAV.</eventDetail>
  </eventDetailInformation>
  <eventOutcomeInformation>
    <eventOutcome>SUCCESS</eventOutcome>
    <eventOutcomeDetail>
      <eventOutcomeDetailNote>The package does not contain any known malicious programs.
/roda/data/storage/aip/d627cb6f-d266-4e8f-a772-3adf2e14e7f3: OK

----------- SCAN SUMMARY -----------
Infected files: 0
Time: 0.024 sec (0 m 0 s)
Start Date: 2022:02:17 13:48:10
End Date:   2022:02:17 13:48:10</eventOutcomeDetailNote>
    </eventOutcomeDetail>
  </eventOutcomeInformation>
  <linkingAgentIdentifier>
    <linkingAgentIdentifierType>URN</linkingAgentIdentifierType>
    <linkingAgentIdentifierValue>urn:roda:premis:agent:org.roda.core.plugins.plugins.antivirus.AntivirusPlugin@ClamAV 0.103.5/26454/Tue Feb 15 09:32:17 2022</linkingAgentIdentifierValue>
  </linkingAgentIdentifier>
  <linkingAgentIdentifier>
    <linkingAgentIdentifierType>URN</linkingAgentIdentifierType>
    <linkingAgentIdentifierValue>urn:roda:premis:agent:jkleevens</linkingAgentIdentifierValue>
  </linkingAgentIdentifier>
  <linkingObjectIdentifier>
    <linkingObjectIdentifierType>URN</linkingObjectIdentifierType>
    <linkingObjectIdentifierValue>urn:roda:aip:d627cb6f-d266-4e8f-a772-3adf2e14e7f3</linkingObjectIdentifierValue>
    <linkingObjectRole>outcome</linkingObjectRole>
  </linkingObjectIdentifier>
</event>