<?xml version="1.0" encoding="UTF-8"?>
<event xmlns="http://www.loc.gov/premis/v3">
  <eventIdentifier>
    <eventIdentifierType>URN</eventIdentifierType>
    <eventIdentifierValue>urn:roda:premis:event:c353d35c-de6f-41a7-bb5a-a4e2c22cc96a</eventIdentifierValue>
  </eventIdentifier>
  <eventType>authorization check</eventType>
  <eventDateTime>2022-02-17T13:48:12.42Z</eventDateTime>
  <eventDetailInformation>
    <eventDetail>User permissions have been checked to ensure that he has sufficient authorization to store the AIP under the desired node of the classification scheme.</eventDetail>
  </eventDetailInformation>
  <eventOutcomeInformation>
    <eventOutcome>SUCCESS</eventOutcome>
    <eventOutcomeDetail>
      <eventOutcomeDetailNote>The user has enough permissions to deposit the AIP under the designated node of the classification scheme
Done with checking user authorization for AIP d627cb6f-d266-4e8f-a772-3adf2e14e7f3</eventOutcomeDetailNote>
    </eventOutcomeDetail>
  </eventOutcomeInformation>
  <linkingAgentIdentifier>
    <linkingAgentIdentifierType>URN</linkingAgentIdentifierType>
    <linkingAgentIdentifierValue>urn:roda:premis:agent:org.roda.core.plugins.plugins.ingest.VerifyUserAuthorizationPlugin@1.0</linkingAgentIdentifierValue>
  </linkingAgentIdentifier>
  <linkingAgentIdentifier>
    <linkingAgentIdentifierType>URN</linkingAgentIdentifierType>
    <linkingAgentIdentifierValue>urn:roda:premis:agent:jkleevens</linkingAgentIdentifierValue>
  </linkingAgentIdentifier>
  <linkingObjectIdentifier>
    <linkingObjectIdentifierType>URN</linkingObjectIdentifierType>
    <linkingObjectIdentifierValue>urn:roda:aip:d627cb6f-d266-4e8f-a772-3adf2e14e7f3</linkingObjectIdentifierValue>
    <linkingObjectRole>outcome</linkingObjectRole>
  </linkingObjectIdentifier>
</event>