<?xml version="1.0" encoding="UTF-8"?>
<v3:object xsi:type="v3:file" xmlns:v3="http://www.loc.gov/premis/v3" xmlns:xsi="http://www.w3.org/2001/XMLSchema-instance">
  <v3:objectIdentifier>
    <v3:objectIdentifierType>URN-local</v3:objectIdentifierType>
    <v3:objectIdentifierValue>urn:roda:premis:file:picture.png</v3:objectIdentifierValue>
  </v3:objectIdentifier>
  <v3:objectIdentifier>
    <v3:objectIdentifierType>URN</v3:objectIdentifierType>
    <v3:objectIdentifierValue>urn:roda:premis:file:c1423e7a-aab8-3bdf-a5be-d60903bebe09</v3:objectIdentifierValue>
  </v3:objectIdentifier>
  <v3:preservationLevel>
    <v3:preservationLevelValue>full</v3:preservationLevelValue>
  </v3:preservationLevel>
  <v3:objectCharacteristics>
    <v3:fixity>
      <v3:messageDigestAlgorithm>SHA-1</v3:messageDigestAlgorithm>
      <v3:messageDigest>FDFF1AE68A2F1B3F26103515C35922621A1E7D38</v3:messageDigest>
      <v3:messageDigestOriginator>RODA</v3:messageDigestOriginator>
    </v3:fixity>
    <v3:fixity>
      <v3:messageDigestAlgorithm>SHA-256</v3:messageDigestAlgorithm>
      <v3:messageDigest>3D3CF035B65678473104479374FF295597165FA2372373C9503EAC7D1521F130</v3:messageDigest>
      <v3:messageDigestOriginator>RODA</v3:messageDigestOriginator>
    </v3:fixity>
    <v3:fixity>
      <v3:messageDigestAlgorithm>MD5</v3:messageDigestAlgorithm>
      <v3:messageDigest>2ADC1E10DB8CAEB52B27F3886106F89C</v3:messageDigest>
      <v3:messageDigestOriginator>RODA</v3:messageDigestOriginator>
    </v3:fixity>
    <v3:size>38083</v3:size>
    <v3:format>
      <v3:formatDesignation>
        <v3:formatName>Portable Network Graphics</v3:formatName>
        <v3:formatVersion>1.1</v3:formatVersion>
      </v3:formatDesignation>
    </v3:format>
    <v3:format>
      <v3:formatRegistry>
        <v3:formatRegistryName>pronom</v3:formatRegistryName>
        <v3:formatRegistryKey>fmt/12</v3:formatRegistryKey>
      </v3:formatRegistry>
    </v3:format>
    <v3:format>
      <v3:formatRegistry>
        <v3:formatRegistryName>mime</v3:formatRegistryName>
        <v3:formatRegistryKey>image/png</v3:formatRegistryKey>
      </v3:formatRegistry>
    </v3:format>
  </v3:objectCharacteristics>
  <v3:originalName>picture.png</v3:originalName>
  <v3:storage>
    <v3:contentLocation>
      <v3:contentLocationType>URI</v3:contentLocationType>
      <v3:contentLocationValue>file:///roda/data/storage/aip/6b86ff43-9b0e-439a-a3d9-d5fb0b0284f7/representations/rep1/data/Structure/picture.png</v3:contentLocationValue>
    </v3:contentLocation>
  </v3:storage>
</v3:object>