<?xml version="1.0" encoding="UTF-8" standalone="yes"?>
<mets xmlns:xsi="http://www.w3.org/2001/XMLSchema-instance" xmlns:sip="https://DILCIS.eu/XML/METS/SIPExtensionMETS" xmlns="http://www.loc.gov/METS/" xmlns:csip="https://DILCIS.eu/XML/METS/CSIPExtensionMETS" xmlns:xlink="http://www.w3.org/1999/xlink" OBJID="rep1" LABEL="" TYPE="Mixed" csip:CONTENTINFORMATIONTYPE="MIXED" PROFILE="NOT_DEFINED" xsi:schemaLocation="http://www.loc.gov/METS/ ../../schemas/mets1_12.xsd http://www.w3.org/1999/xlink ../../schemas/xlink.xsd https://dilcis.eu/XML/METS/CSIPExtensionMETS ../../schemas/DILCISExtensionMETS.xsd https://dilcis.eu/XML/METS/SIPExtensionMETS ../../schemas/DILCISExtensionSIPMETS.xsd">
    <metsHdr CREATEDATE="2022-02-17T13:51:58.191Z" LASTMODDATE="2022-02-17T13:51:58.191Z" RECORDSTATUS="NEW" csip:OAISPACKAGETYPE="AIP"/>
    <dmdSec ID="uuid-25A5FA3F-05E0-4492-95DA-423BE6112CD6" CREATED="2022-02-17T13:51:58.192Z" STATUS="CURRENT">
        <mdRef ID="picture.png" LOCTYPE="URL" MDTYPE="OTHER" xlink:type="simple" xlink:href="metadata/other/Siegfried/Structure/picture.png.json" MIMETYPE="application/json" SIZE="400" CREATED="2022-02-17T13:51:58.192Z" CHECKSUM="ADC5733952510DD9553B8199AFF857A576E1B4826BB95E12C27EE7D69B5BCBF9" CHECKSUMTYPE="SHA-256"/>
    </dmdSec>
    <dmdSec ID="uuid-C3F2BCD5-1F02-4848-AFBF-CC8DA51E52A6" CREATED="2022-02-17T13:51:58.192Z" STATUS="CURRENT">
        <mdRef ID="pdf.pdf" LOCTYPE="URL" MDTYPE="OTHER" xlink:type="simple" xlink:href="metadata/other/Siegfried/Structure/Subfolder/pdf.pdf.json" MIMETYPE="application/json" SIZE="404" CREATED="2022-02-17T13:51:58.192Z" CHECKSUM="F0CA2878E3F26800D9E62569AE9D0D610F8A31F1CA585959AE395092E71F3BAD" CHECKSUMTYPE="SHA-256"/>
    </dmdSec>
    <dmdSec ID="uuid-C165E82F-5709-4AE4-A617-3CCB04015053" CREATED="2022-02-17T13:51:58.193Z" STATUS="CURRENT">
        <mdRef ID="worddoc.docx" LOCTYPE="URL" MDTYPE="OTHER" xlink:type="simple" xlink:href="metadata/other/Siegfried/Structure/worddoc.docx.json" MIMETYPE="application/json" SIZE="496" CREATED="2022-02-17T13:51:58.193Z" CHECKSUM="C781352E962E11E57CF616B56AF1525F6D9A5CE17296B4A22C9F4B7AB7B4F10B" CHECKSUMTYPE="SHA-256"/>
    </dmdSec>
    <amdSec ID="uuid-ABA0538F-3F4F-485E-8CDC-9C8AB599838C">
        <digiprovMD ID="uuid-0CEC242A-8A51-49E0-88BD-181A5FD1856D" STATUS="CURRENT">
            <mdRef ID="urn_roda_premis_representation_7ce79ff4-dfad-364f-8527-207dd0a4d0c7" LOCTYPE="URL" MDTYPE="PREMIS" xlink:type="simple" xlink:href="metadata/preservation/urn:roda:premis:representation:7ce79ff4-dfad-364f-8527-207dd0a4d0c7.xml" MIMETYPE="application/xml" SIZE="1724" CREATED="2022-02-17T13:51:58.191Z" CHECKSUM="FCA5211316439399C307DF5413A23C1EF170934BE1E26769EB2439EA71449DE7" CHECKSUMTYPE="SHA-256"/>
        </digiprovMD>
        <digiprovMD ID="uuid-1936A522-1418-4860-9B24-708261BCBFF4" STATUS="CURRENT">
            <mdRef ID="urn_roda_premis_file_worddoc.docx" LOCTYPE="URL" MDTYPE="PREMIS" xlink:type="simple" xlink:href="metadata/preservation/Structure/urn:roda:premis:file:worddoc.docx.xml" MIMETYPE="application/xml" SIZE="2639" CREATED="2022-02-17T13:51:58.192Z" CHECKSUM="B02B33CF81D5C618DF6C47CAE0D6EDCD86FEA15DD175A949FDF13152341D07F7" CHECKSUMTYPE="SHA-256"/>
        </digiprovMD>
        <digiprovMD ID="uuid-BEAC964B-6F05-4BED-B4EE-16CFFC42A67E" STATUS="CURRENT">
            <mdRef ID="urn_roda_premis_file_picture.png" LOCTYPE="URL" MDTYPE="PREMIS" xlink:type="simple" xlink:href="metadata/preservation/Structure/urn:roda:premis:file:picture.png.xml" MIMETYPE="application/xml" SIZE="2563" CREATED="2022-02-17T13:51:58.192Z" CHECKSUM="527493D98EE18447E7E8F1E31422C4B95FC3EB84A9F82A66E36C6EFBBDEBE5BE" CHECKSUMTYPE="SHA-256"/>
        </digiprovMD>
        <digiprovMD ID="uuid-ACC521B2-01A7-46F2-A109-08F2FE156EE0" STATUS="CURRENT">
            <mdRef ID="urn_roda_premis_file_pdf.pdf" LOCTYPE="URL" MDTYPE="PREMIS" xlink:type="simple" xlink:href="metadata/preservation/Structure/Subfolder/urn:roda:premis:file:pdf.pdf.xml" MIMETYPE="application/xml" SIZE="2584" CREATED="2022-02-17T13:51:58.192Z" CHECKSUM="CAE73A9FA1A5156A92A7FC08349FA34A6685A1F5427EBF70041218FE041CBBE8" CHECKSUMTYPE="SHA-256"/>
        </digiprovMD>
    </amdSec>
    <fileSec ID="uuid-14FC46D3-886C-4D7C-9134-DD0FAF3BF74D">
        <fileGrp ID="uuid-8E38553B-5FD3-456D-AF21-6D2696F0D03D" USE="Data">
            <file ID="ID-99627685-6FAF-451E-8588-6D474AA3A368" MIMETYPE="image/png" SIZE="38083" CREATED="2022-02-17T13:51:58.191Z" CHECKSUM="3D3CF035B65678473104479374FF295597165FA2372373C9503EAC7D1521F130" CHECKSUMTYPE="SHA-256">
                <FLocat xlink:type="simple" xlink:href="data/Structure/picture.png" LOCTYPE="URL"/>
            </file>
            <file ID="ID-EBEB6FAA-7845-4688-9C84-882E5B23EABF" MIMETYPE="application/vnd.openxmlformats-officedocument.wordprocessingml.document" SIZE="11803" CREATED="2022-02-17T13:51:58.191Z" CHECKSUM="7E6BD0DD6743DBA6DBC1347B4803E542545EDB358CBFE3882EBCEA1177E396CC" CHECKSUMTYPE="SHA-256">
                <FLocat xlink:type="simple" xlink:href="data/Structure/worddoc.docx" LOCTYPE="URL"/>
            </file>
            <file ID="ID-3BF58033-13C3-4EF8-AFA5-C95EFBBD2E39" MIMETYPE="application/pdf" SIZE="84799" CREATED="2022-02-17T13:51:58.191Z" CHECKSUM="DD7DAE9190401A0B4DC030EF9CA367FE60A34255CA2E2455E0B2E0504E59BCF5" CHECKSUMTYPE="SHA-256">
                <FLocat xlink:type="simple" xlink:href="data/Structure/Subfolder/pdf.pdf" LOCTYPE="URL"/>
            </file>
        </fileGrp>
    </fileSec>
    <structMap ID="uuid-95C80EB6-54A4-4E75-96CB-6AD55E70C1B5" TYPE="PHYSICAL" LABEL="CSIP">
        <div ID="uuid-7E713619-0BAE-406E-B760-AFAB88AC6827" TYPE="ORIGINAL" LABEL="rep1">
            <div ID="uuid-311B2FC6-A27C-48D9-B1F8-89F1A6D1EE2B" ADMID="uuid-0CEC242A-8A51-49E0-88BD-181A5FD1856D uuid-1936A522-1418-4860-9B24-708261BCBFF4 uuid-BEAC964B-6F05-4BED-B4EE-16CFFC42A67E uuid-ACC521B2-01A7-46F2-A109-08F2FE156EE0" LABEL="Metadata"/>
            <div ID="uuid-35D18F5C-9085-49DE-8EE9-CD8C5B42A33F" DMDID="uuid-25A5FA3F-05E0-4492-95DA-423BE6112CD6 uuid-C3F2BCD5-1F02-4848-AFBF-CC8DA51E52A6 uuid-C165E82F-5709-4AE4-A617-3CCB04015053" LABEL="Metadata/Other"/>
            <div ID="uuid-B23CEACF-2CEF-410A-AC56-976AFFF3BADD" LABEL="Data">
                <fptr FILEID="uuid-8E38553B-5FD3-456D-AF21-6D2696F0D03D"/>
            </div>
        </div>
    </structMap>
</mets>
