{"id":"6b86ff43-9b0e-439a-a3d9-d5fb0b0284f7","parentId":"6c63fb22-ca07-4912-b559-6bc127aa7e1b","type":"OTHER","state":"ACTIVE","permissions":{"users":{"CREATE":["ingest-OR-jq0st8z","admin","jkleevens"],"READ":["admin","jkleevens"],"UPDATE":["admin","jkleevens"],"DELETE":["admin","jkleevens"],"GRANT":["admin","jkleevens"]},"groups":{"CREATE":["Curator-VAi","administrators"],"READ":["Curator-VAi","administrators","VAi"],"UPDATE":["Curator-VAi","administrators"],"DELETE":["Curator-VAi","administrators"],"GRANT":["administrators"]}},"descriptiveMetadata":[{"id":"scala.xml","type":"ead","version":"2002"},{"id":"meemoo.xml","type":"meemoo"}],"representations":[{"id":"rep1","original":true,"representationStates":["ORIGINAL"],"type":"MIXED","createdOn":1645105687927,"createdBy":"jkleevens","updatedOn":1645105687927,"updatedBy":"jkleevens","descriptiveMetadata":[]}],"ingestSIPUUID":"8554b94d-6c78-3156-95eb-4747f27740e3","ingestSIPIds":["uuid-039e7a80-8aa1-4380-a852-37a5a2f7758b"],"ingestJobId":"5601a9ad-2edc-4727-a509-8a35602ab45f","ingestUpdateJobIds":[],"format":{"name":null,"version":null},"relationships":[],"createdOn":1645105687886,"createdBy":"jkleevens","updatedOn":1645105693333,"updatedBy":"jkleevens","disposal":{"holds":[],"transitiveHolds":[]}}