<?xml version="1.0" encoding="UTF-8" standalone="yes"?>
<mets xmlns:xsi="http://www.w3.org/2001/XMLSchema-instance" xmlns:sip="https://DILCIS.eu/XML/METS/SIPExtensionMETS" xmlns="http://www.loc.gov/METS/" xmlns:csip="https://DILCIS.eu/XML/METS/CSIPExtensionMETS" xmlns:xlink="http://www.w3.org/1999/xlink" OBJID="6b86ff43-9b0e-439a-a3d9-d5fb0b0284f7" LABEL="" TYPE="Other" csip:OTHERTYPE="type" csip:CONTENTINFORMATIONTYPE="MIXED" PROFILE="NOT_DEFINED" xsi:schemaLocation="http://www.loc.gov/METS/ schemas/mets1_12.xsd http://www.w3.org/1999/xlink schemas/xlink.xsd https://dilcis.eu/XML/METS/CSIPExtensionMETS schemas/DILCISExtensionMETS.xsd https://dilcis.eu/XML/METS/SIPExtensionMETS schemas/DILCISExtensionSIPMETS.xsd">
    <metsHdr CREATEDATE="2022-02-17T13:51:58.187Z" LASTMODDATE="2022-02-17T13:51:58.187Z" RECORDSTATUS="NEW" csip:OAISPACKAGETYPE="AIP">
        <agent ROLE="CREATOR" TYPE="OTHER" OTHERTYPE="SOFTWARE">
            <name>RODA plugin: Create E-ARK AIP manifest files (METS.xml)</name>
            <note csip:NOTETYPE="SOFTWARE VERSION">1.0</note>
        </agent>
        <agent ROLE="OTHER" OTHERROLE="SUBMITTER" TYPE="INDIVIDUAL">
            <name>jk</name>
            <note csip:NOTETYPE="IDENTIFICATIONCODE">jk</note>
        </agent>
    </metsHdr>
    <dmdSec ID="uuid-7076BB07-AD52-4F1A-9453-003FC535EF66" CREATED="2022-02-17T13:51:58.188Z" STATUS="CURRENT">
        <mdRef ID="scala.xml" LOCTYPE="URL" MDTYPE="OTHER" OTHERMDTYPE="ead" MDTYPEVERSION="2002" xlink:type="simple" xlink:href="metadata/descriptive/scala.xml" MIMETYPE="application/xml" SIZE="843" CREATED="2022-02-17T13:51:58.188Z" CHECKSUM="B0797667D13D6BBD0332030B39E14DE62717BD6F2D8DC3BDB15213C114A0E9CD" CHECKSUMTYPE="SHA-256"/>
    </dmdSec>
    <dmdSec ID="uuid-3F3C7E0E-25FF-471C-97B7-A3B8722A0D26" CREATED="2022-02-17T13:51:58.189Z" STATUS="CURRENT">
        <mdRef ID="meemoo.xml" LOCTYPE="URL" MDTYPE="OTHER" OTHERMDTYPE="meemoo" xlink:type="simple" xlink:href="metadata/descriptive/meemoo.xml" MIMETYPE="application/xml" SIZE="423" CREATED="2022-02-17T13:51:58.189Z" CHECKSUM="10A00A9D53711B9E8783D088724690C6D18AFF4EE37F2C454F47CFEA002C729E" CHECKSUMTYPE="SHA-256"/>
    </dmdSec>
    <amdSec ID="uuid-6F02449D-A826-44F8-A4D6-51228410A238">
        <digiprovMD ID="uuid-F5891F28-7B55-4C1E-934F-DBB625D69F9A" STATUS="CURRENT">
            <mdRef ID="urn_roda_premis_event_24a455f7-ec99-4637-8b9d-dd546378952b" LOCTYPE="URL" MDTYPE="PREMIS" xlink:type="simple" xlink:href="metadata/preservation/urn:roda:premis:event:24a455f7-ec99-4637-8b9d-dd546378952b.xml" MIMETYPE="application/xml" SIZE="1606" CREATED="2022-02-17T13:51:58.189Z" CHECKSUM="C28D6059FACCDB1AB3C325C43DF5F6E2D4B2FAF47EBC58C364A9F4E407C3B49A" CHECKSUMTYPE="SHA-256"/>
        </digiprovMD>
        <digiprovMD ID="uuid-5C15654F-723E-4E75-9FFD-C3344A07E4D3" STATUS="CURRENT">
            <mdRef ID="urn_roda_premis_event_d1ed715d-fd52-472d-8bb9-9f67fa363dd1" LOCTYPE="URL" MDTYPE="PREMIS" xlink:type="simple" xlink:href="metadata/preservation/urn:roda:premis:event:d1ed715d-fd52-472d-8bb9-9f67fa363dd1.xml" MIMETYPE="application/xml" SIZE="2201" CREATED="2022-02-17T13:51:58.189Z" CHECKSUM="596DC8D838D9ACC307BB5989A768075C54774E41BB13368AE1069BDA0F4C9141" CHECKSUMTYPE="SHA-256"/>
        </digiprovMD>
        <digiprovMD ID="uuid-F9C54015-5210-41E1-8CCB-6DE82774E6DB" STATUS="CURRENT">
            <mdRef ID="urn_roda_premis_event_6afe84f2-7d00-453e-bab1-1f5f046108ee" LOCTYPE="URL" MDTYPE="PREMIS" xlink:type="simple" xlink:href="metadata/preservation/urn:roda:premis:event:6afe84f2-7d00-453e-bab1-1f5f046108ee.xml" MIMETYPE="application/xml" SIZE="1806" CREATED="2022-02-17T13:51:58.189Z" CHECKSUM="F24BDC08ED0501D24163AEACCEB88CB57715833D5AC703D2130F8BC68CAA6972" CHECKSUMTYPE="SHA-256"/>
        </digiprovMD>
        <digiprovMD ID="uuid-78966596-B234-408F-8600-207B67130494" STATUS="CURRENT">
            <mdRef ID="urn_roda_premis_event_4a02fcbd-b606-4c14-80a7-e70355b6a7fd" LOCTYPE="URL" MDTYPE="PREMIS" xlink:type="simple" xlink:href="metadata/preservation/urn:roda:premis:event:4a02fcbd-b606-4c14-80a7-e70355b6a7fd.xml" MIMETYPE="application/xml" SIZE="1844" CREATED="2022-02-17T13:51:58.189Z" CHECKSUM="FC22B05FB312E61CFFE1A87DE1404673F3EFB8C815B75368B2210CD6ADD5BEAD" CHECKSUMTYPE="SHA-256"/>
        </digiprovMD>
        <digiprovMD ID="uuid-2DFB1BE0-4C8A-4725-A575-8FB4BD9D665F" STATUS="CURRENT">
            <mdRef ID="urn_roda_premis_event_56f05381-5cb6-46b0-824c-5ee340543cbc" LOCTYPE="URL" MDTYPE="PREMIS" xlink:type="simple" xlink:href="metadata/preservation/urn:roda:premis:event:56f05381-5cb6-46b0-824c-5ee340543cbc.xml" MIMETYPE="application/xml" SIZE="1690" CREATED="2022-02-17T13:51:58.189Z" CHECKSUM="3A4927AA77C9F93C667574BE2EE1012D8FBCA9DD10303A54B1DB7F20F1C22E6B" CHECKSUMTYPE="SHA-256"/>
        </digiprovMD>
        <digiprovMD ID="uuid-6C945970-C5A9-47A4-B37A-CFA17205EE58" STATUS="CURRENT">
            <mdRef ID="urn_roda_premis_event_2f66a8d3-677c-4fbb-9d76-7980ecf4b70b" LOCTYPE="URL" MDTYPE="PREMIS" xlink:type="simple" xlink:href="metadata/preservation/urn:roda:premis:event:2f66a8d3-677c-4fbb-9d76-7980ecf4b70b.xml" MIMETYPE="application/xml" SIZE="1918" CREATED="2022-02-17T13:51:58.190Z" CHECKSUM="755BDC12B083EC3EE13B8388C2D7EF692438928E396557996060BDE48C83A2B3" CHECKSUMTYPE="SHA-256"/>
        </digiprovMD>
        <digiprovMD ID="uuid-8BBA1453-1DB1-4F1C-AE88-9422599F7719" STATUS="CURRENT">
            <mdRef ID="urn_roda_premis_event_35888530-f7df-40b1-ae35-db9571d4485f" LOCTYPE="URL" MDTYPE="PREMIS" xlink:type="simple" xlink:href="metadata/preservation/urn:roda:premis:event:35888530-f7df-40b1-ae35-db9571d4485f.xml" MIMETYPE="application/xml" SIZE="1840" CREATED="2022-02-17T13:51:58.190Z" CHECKSUM="659CAC096A55A7B374A750DC141D1BECD809AE7AFB998DC180066E81B9B74D01" CHECKSUMTYPE="SHA-256"/>
        </digiprovMD>
        <digiprovMD ID="uuid-2F042BD5-E546-4E91-A1FD-30C91346218D" STATUS="CURRENT">
            <mdRef ID="urn_roda_premis_event_6e987cc8-6079-438e-82bb-ed7e2b951951" LOCTYPE="URL" MDTYPE="PREMIS" xlink:type="simple" xlink:href="metadata/preservation/urn:roda:premis:event:6e987cc8-6079-438e-82bb-ed7e2b951951.xml" MIMETYPE="application/xml" SIZE="1864" CREATED="2022-02-17T13:51:58.190Z" CHECKSUM="11ED7D45BB0BBB261E13C8E4131F1C6AB1C7FBDCF7D0FD193C75B007DECC77BE" CHECKSUMTYPE="SHA-256"/>
        </digiprovMD>
        <digiprovMD ID="uuid-F1107F2A-CF19-478C-A6C0-A23F1639EEEF" STATUS="CURRENT">
            <mdRef ID="urn_roda_premis_event_059abcce-fcce-412f-b138-68d7943abeda" LOCTYPE="URL" MDTYPE="PREMIS" xlink:type="simple" xlink:href="metadata/preservation/urn:roda:premis:event:059abcce-fcce-412f-b138-68d7943abeda.xml" MIMETYPE="application/xml" SIZE="1810" CREATED="2022-02-17T13:51:58.190Z" CHECKSUM="E66BABD57242B950CC6BF52A34315D9023FDAA610DEA263C07DDA9036B778A15" CHECKSUMTYPE="SHA-256"/>
        </digiprovMD>
        <digiprovMD ID="uuid-0696DAB7-E364-4041-8A7B-BCA56FA593BF" STATUS="CURRENT">
            <mdRef ID="urn_roda_premis_event_456bcf8e-3a8d-4200-a9c9-2fbff069df7b" LOCTYPE="URL" MDTYPE="PREMIS" xlink:type="simple" xlink:href="metadata/preservation/urn:roda:premis:event:456bcf8e-3a8d-4200-a9c9-2fbff069df7b.xml" MIMETYPE="application/xml" SIZE="1649" CREATED="2022-02-17T13:51:58.190Z" CHECKSUM="E492F0DD44C2A5B35EE7032D9A2BD6275490D2A16B7FC0061906531DB1F3C9ED" CHECKSUMTYPE="SHA-256"/>
        </digiprovMD>
    </amdSec>
    <fileSec ID="uuid-0BCE51CE-E7EC-438B-A6B4-6FF20DDCF62C">
        <fileGrp ID="uuid-CBB403D5-0EDF-48E3-A860-C1360F8A9E17" USE="Schemas">
            <file ID="ID-B2D3B4A1-2026-49F2-B37F-A40DB8EF3208" MIMETYPE="application/xml" SIZE="3180" CREATED="2022-02-17T13:51:58.193Z" CHECKSUM="F1F5BB6003165CDD8F6C1FCC32F8FD1F965E1681010F3B9806D9460BCFFA8A3C" CHECKSUMTYPE="SHA-256">
                <FLocat xlink:type="simple" xlink:href="schemas/xlink.xsd" LOCTYPE="URL"/>
            </file>
            <file ID="ID-D02CFE27-F310-4134-A248-E7E85E8574BE" MIMETYPE="application/xml" SIZE="137125" CREATED="2022-02-17T13:51:58.193Z" CHECKSUM="5D18B2751C52D87A92D2D947F1FC7974C034E9B1CBB9869B48C138755CBA12DE" CHECKSUMTYPE="SHA-256">
                <FLocat xlink:type="simple" xlink:href="schemas/mets1_12.xsd" LOCTYPE="URL"/>
            </file>
            <file ID="ID-5E906952-D2BC-4084-9122-968C234895B7" MIMETYPE="application/xml" SIZE="499" CREATED="2022-02-17T13:51:58.193Z" CHECKSUM="43AC3F08DBECB74C069D1687187A1AEAED800E77581FE0D418468AE3AD20EF86" CHECKSUMTYPE="SHA-256">
                <FLocat xlink:type="simple" xlink:href="schemas/DILCISExtensionSIPMETS.xsd" LOCTYPE="URL"/>
            </file>
            <file ID="ID-E22061EE-292B-44F3-961E-F455EDF920CC" MIMETYPE="application/xml" SIZE="2038" CREATED="2022-02-17T13:51:58.194Z" CHECKSUM="B4A13747DDE7644122DC14DC7F7333FC51B12DE43039A73BA111A6E0E8204FCC" CHECKSUMTYPE="SHA-256">
                <FLocat xlink:type="simple" xlink:href="schemas/DILCISExtensionMETS.xsd" LOCTYPE="URL"/>
            </file>
            <file ID="ID-AA0E38CF-27D0-4038-99AE-0C9E04EF7A92" MIMETYPE="application/xml" SIZE="126644" CREATED="2022-02-17T13:51:58.194Z" CHECKSUM="2E35653E73A9B66E8796C3DBD24FE32B5037C055840126D9DB792752AC31080B" CHECKSUMTYPE="SHA-256">
                <FLocat xlink:type="simple" xlink:href="schemas/ead2002.xsd" LOCTYPE="URL"/>
            </file>
        </fileGrp>
        <fileGrp ID="uuid-F17584FD-54BF-4B53-8DEA-C2EEF6AE7CF1" USE="Representations/rep1">
            <file ID="ID-34386207-FFDD-47F9-BBA7-F4E9CE0A852A" MIMETYPE="application/xml" SIZE="6377" CREATED="2022-02-17T13:51:58.227Z" CHECKSUM="520C729FF4B7042BCD231CEA73139E346F2C4E872BA1D90624F97E584ABD1D0C" CHECKSUMTYPE="SHA-256">
                <FLocat xlink:type="simple" xlink:href="representations/rep1/METS.xml" LOCTYPE="URL"/>
            </file>
        </fileGrp>
    </fileSec>
    <structMap ID="uuid-42D37BFA-8FCB-4B1E-9B2C-F859A2559D3D" TYPE="PHYSICAL" LABEL="CSIP">
        <div ID="uuid-C28A906F-F29B-45A6-B68D-488F31310BFA" LABEL="6b86ff43-9b0e-439a-a3d9-d5fb0b0284f7">
            <div ID="uuid-EC4A7E51-AD3E-45FC-AD09-C4E867C14BCC" DMDID="uuid-7076BB07-AD52-4F1A-9453-003FC535EF66 uuid-3F3C7E0E-25FF-471C-97B7-A3B8722A0D26" ADMID="uuid-F5891F28-7B55-4C1E-934F-DBB625D69F9A uuid-5C15654F-723E-4E75-9FFD-C3344A07E4D3 uuid-F9C54015-5210-41E1-8CCB-6DE82774E6DB uuid-78966596-B234-408F-8600-207B67130494 uuid-2DFB1BE0-4C8A-4725-A575-8FB4BD9D665F uuid-6C945970-C5A9-47A4-B37A-CFA17205EE58 uuid-8BBA1453-1DB1-4F1C-AE88-9422599F7719 uuid-2F042BD5-E546-4E91-A1FD-30C91346218D uuid-F1107F2A-CF19-478C-A6C0-A23F1639EEEF uuid-0696DAB7-E364-4041-8A7B-BCA56FA593BF" LABEL="Metadata"/>
            <div ID="uuid-5BE8C417-3967-41FF-B617-FE6892848920" LABEL="Schemas">
                <fptr FILEID="uuid-CBB403D5-0EDF-48E3-A860-C1360F8A9E17"/>
            </div>
            <div ID="uuid-25B831C8-8DA8-49DF-B86C-438C65A4FB50" LABEL="Representations/rep1">
                <mptr xlink:type="simple" xlink:href="representations/rep1/METS.xml" xlink:title="uuid-F17584FD-54BF-4B53-8DEA-C2EEF6AE7CF1" LOCTYPE="URL"/>
            </div>
        </div>
    </structMap>
    <structMap ID="uuid-6C6E8720-CB4C-4770-80F3-2507EEE9CCF1" LABEL="RODA structural map">
        <div ID="uuid-5D3388B9-4CEE-41C4-AC3C-B00238BAEB2E" LABEL="RODA">
            <div ID="uuid-CC1FDEA0-6190-4156-8335-F2C95E455EC7" LABEL="Ancestors">
                <mptr xlink:type="simple" xlink:href="6c63fb22-ca07-4912-b559-6bc127aa7e1b" LOCTYPE="HANDLE"/>
            </div>
        </div>
    </structMap>
</mets>
