<?xml version="1.0" encoding="UTF-8"?>
<event xmlns="http://www.loc.gov/premis/v3">
  <eventIdentifier>
    <eventIdentifierType>URN</eventIdentifierType>
    <eventIdentifierValue>urn:roda:premis:event:d1ed715d-fd52-472d-8bb9-9f67fa363dd1</eventIdentifierValue>
  </eventIdentifier>
  <eventType>format identification</eventType>
  <eventDateTime>2022-02-17T13:48:11.82Z</eventDateTime>
  <eventDetailInformation>
    <eventDetail>Identified the object's file formats and versions using Siegfried.</eventDetail>
  </eventDetailInformation>
  <eventOutcomeInformation>
    <eventOutcome>SUCCESS</eventOutcome>
    <eventOutcomeDetail>
      <eventOutcomeDetailNote>File formats were identified and recorded in PREMIS objects.</eventOutcomeDetailNote>
    </eventOutcomeDetail>
  </eventOutcomeInformation>
  <linkingAgentIdentifier>
    <linkingAgentIdentifierType>URN</linkingAgentIdentifierType>
    <linkingAgentIdentifierValue>urn:roda:premis:agent:org.roda.core.plugins.plugins.characterization.SiegfriedPlugin@1.9.2 w/ DROID_SignatureFile_V100</linkingAgentIdentifierValue>
  </linkingAgentIdentifier>
  <linkingAgentIdentifier>
    <linkingAgentIdentifierType>URN</linkingAgentIdentifierType>
    <linkingAgentIdentifierValue>urn:roda:premis:agent:jkleevens</linkingAgentIdentifierValue>
  </linkingAgentIdentifier>
  <linkingObjectIdentifier>
    <linkingObjectIdentifierType>URN</linkingObjectIdentifierType>
    <linkingObjectIdentifierValue>urn:roda:file:21efc53b-c87d-39f1-9cde-8dacb822562b</linkingObjectIdentifierValue>
    <linkingObjectRole>source</linkingObjectRole>
  </linkingObjectIdentifier>
  <linkingObjectIdentifier>
    <linkingObjectIdentifierType>URN</linkingObjectIdentifierType>
    <linkingObjectIdentifierValue>urn:roda:file:c1423e7a-aab8-3bdf-a5be-d60903bebe09</linkingObjectIdentifierValue>
    <linkingObjectRole>source</linkingObjectRole>
  </linkingObjectIdentifier>
  <linkingObjectIdentifier>
    <linkingObjectIdentifierType>URN</linkingObjectIdentifierType>
    <linkingObjectIdentifierValue>urn:roda:file:67d33adb-b4c1-3a67-9f64-ef002ae7bd59</linkingObjectIdentifierValue>
    <linkingObjectRole>source</linkingObjectRole>
  </linkingObjectIdentifier>
</event>