<?xml version="1.0" encoding="UTF-8"?>
<v3:object xsi:type="v3:file" xmlns:v3="http://www.loc.gov/premis/v3" xmlns:xsi="http://www.w3.org/2001/XMLSchema-instance">
  <v3:objectIdentifier>
    <v3:objectIdentifierType>URN-local</v3:objectIdentifierType>
    <v3:objectIdentifierValue>urn:roda:premis:file:worddoc.pdf</v3:objectIdentifierValue>
  </v3:objectIdentifier>
  <v3:objectIdentifier>
    <v3:objectIdentifierType>URN</v3:objectIdentifierType>
    <v3:objectIdentifierValue>urn:roda:premis:file:260fc1d0-299e-3b27-9e3a-651c52702488</v3:objectIdentifierValue>
  </v3:objectIdentifier>
  <v3:preservationLevel>
    <v3:preservationLevelValue>full</v3:preservationLevelValue>
  </v3:preservationLevel>
  <v3:objectCharacteristics>
    <v3:fixity>
      <v3:messageDigestAlgorithm>SHA-1</v3:messageDigestAlgorithm>
      <v3:messageDigest>53DB1389B3CAA543A8E5C7D21D995885A1933FEE</v3:messageDigest>
      <v3:messageDigestOriginator>RODA</v3:messageDigestOriginator>
    </v3:fixity>
    <v3:fixity>
      <v3:messageDigestAlgorithm>SHA-256</v3:messageDigestAlgorithm>
      <v3:messageDigest>6B5B45CFBAD596CAA6A4BA39F93ADE021B4283B5BD9EEA5EF5F4C891B2D6A234</v3:messageDigest>
      <v3:messageDigestOriginator>RODA</v3:messageDigestOriginator>
    </v3:fixity>
    <v3:fixity>
      <v3:messageDigestAlgorithm>MD5</v3:messageDigestAlgorithm>
      <v3:messageDigest>F1727E618D44318FD610F9F3C7EBB412</v3:messageDigest>
      <v3:messageDigestOriginator>RODA</v3:messageDigestOriginator>
    </v3:fixity>
    <v3:size>8822</v3:size>
    <v3:format>
      <v3:formatDesignation>
        <v3:formatName/>
        <v3:formatVersion/>
      </v3:formatDesignation>
    </v3:format>
  </v3:objectCharacteristics>
  <v3:originalName>worddoc.pdf</v3:originalName>
  <v3:storage>
    <v3:contentLocation>
      <v3:contentLocationType>URI</v3:contentLocationType>
      <v3:contentLocationValue>file:///roda/data/storage/aip/6b86ff43-9b0e-439a-a3d9-d5fb0b0284f7/representations/c802b4e3-8b97-4fe7-8b4e-2e913682ff6f/data/Structure/worddoc.pdf</v3:contentLocationValue>
    </v3:contentLocation>
  </v3:storage>
</v3:object>