<?xml version="1.0" encoding="UTF-8"?>
<v3:object xsi:type="v3:file" xmlns:v3="http://www.loc.gov/premis/v3" xmlns:xsi="http://www.w3.org/2001/XMLSchema-instance">
  <v3:objectIdentifier>
    <v3:objectIdentifierType>URN-local</v3:objectIdentifierType>
    <v3:objectIdentifierValue>urn:roda:premis:file:picture.jpg</v3:objectIdentifierValue>
  </v3:objectIdentifier>
  <v3:objectIdentifier>
    <v3:objectIdentifierType>URN</v3:objectIdentifierType>
    <v3:objectIdentifierValue>urn:roda:premis:file:f8c5e17b-7116-350e-ae71-9b32e7c0358d</v3:objectIdentifierValue>
  </v3:objectIdentifier>
  <v3:preservationLevel>
    <v3:preservationLevelValue>full</v3:preservationLevelValue>
  </v3:preservationLevel>
  <v3:objectCharacteristics>
    <v3:fixity>
      <v3:messageDigestAlgorithm>SHA-1</v3:messageDigestAlgorithm>
      <v3:messageDigest>8C0C36AC55F2A92AC74FC840D4CE556CA39ABACD</v3:messageDigest>
      <v3:messageDigestOriginator>RODA</v3:messageDigestOriginator>
    </v3:fixity>
    <v3:fixity>
      <v3:messageDigestAlgorithm>SHA-256</v3:messageDigestAlgorithm>
      <v3:messageDigest>D733881A5C0858A179BCEA5BCA85B60D0B8976356061E7A82E6C175409C8DCDE</v3:messageDigest>
      <v3:messageDigestOriginator>RODA</v3:messageDigestOriginator>
    </v3:fixity>
    <v3:fixity>
      <v3:messageDigestAlgorithm>MD5</v3:messageDigestAlgorithm>
      <v3:messageDigest>72B7589F0E6BEF1D487C1515BAB1092C</v3:messageDigest>
      <v3:messageDigestOriginator>RODA</v3:messageDigestOriginator>
    </v3:fixity>
    <v3:size>18919</v3:size>
    <v3:format>
      <v3:formatDesignation>
        <v3:formatName/>
        <v3:formatVersion/>
      </v3:formatDesignation>
    </v3:format>
  </v3:objectCharacteristics>
  <v3:originalName>picture.jpg</v3:originalName>
  <v3:storage>
    <v3:contentLocation>
      <v3:contentLocationType>URI</v3:contentLocationType>
      <v3:contentLocationValue>file:///roda/data/storage/aip/6b86ff43-9b0e-439a-a3d9-d5fb0b0284f7/representations/c802b4e3-8b97-4fe7-8b4e-2e913682ff6f/data/Structure/picture.jpg</v3:contentLocationValue>
    </v3:contentLocation>
  </v3:storage>
</v3:object>