{"filename":"/roda/data/storage/aip/668b3f2f-51be-4dd7-ace6-d73a41b8526c/representations/rep1/data/Dossier_met_mappen/Stuk2_Presentatie.pptx","filesize":32397,"modified":"2021-09-20T10:42:12Z","errors":"","matches":[{"ns":"pronom","id":"fmt/215","format":"Microsoft Powerpoint for Windows","version":"2007 onwards","mime":"application/vnd.openxmlformats-officedocument.presentationml.presentation","basis":"extension match pptx; container name [Content_Types].xml with byte match at 382, 96 (signature 1/3)","warning":""}]}