{"filename":"/roda/data/storage/aip/668b3f2f-51be-4dd7-ace6-d73a41b8526c/representations/rep1/data/Dossier_met_mappen/Stuk3_Rekenblad.xlsx","filesize":6192,"modified":"2021-09-20T10:42:12Z","errors":"","matches":[{"ns":"pronom","id":"fmt/214","format":"Microsoft Excel for Windows","version":"2007 onwards","mime":"application/vnd.openxmlformats-officedocument.spreadsheetml.sheet","basis":"extension match xlsx; container name [Content_Types].xml with byte match at 325, 88 (signature 1/3)","warning":""}]}