<?xml version="1.0" encoding="UTF-8"?>
<v3:object xsi:type="v3:file" xmlns:v3="http://www.loc.gov/premis/v3" xmlns:xsi="http://www.w3.org/2001/XMLSchema-instance">
  <v3:objectIdentifier>
    <v3:objectIdentifierType>URN-local</v3:objectIdentifierType>
    <v3:objectIdentifierValue>urn:roda:premis:file:worddoc.docx</v3:objectIdentifierValue>
  </v3:objectIdentifier>
  <v3:objectIdentifier>
    <v3:objectIdentifierType>URN</v3:objectIdentifierType>
    <v3:objectIdentifierValue>urn:roda:premis:file:67d33adb-b4c1-3a67-9f64-ef002ae7bd59</v3:objectIdentifierValue>
  </v3:objectIdentifier>
  <v3:preservationLevel>
    <v3:preservationLevelValue>full</v3:preservationLevelValue>
  </v3:preservationLevel>
  <v3:objectCharacteristics>
    <v3:fixity>
      <v3:messageDigestAlgorithm>SHA-1</v3:messageDigestAlgorithm>
      <v3:messageDigest>6D3B104B4F3B68110BED74CE04712BD8EBF7097E</v3:messageDigest>
      <v3:messageDigestOriginator>RODA</v3:messageDigestOriginator>
    </v3:fixity>
    <v3:fixity>
      <v3:messageDigestAlgorithm>SHA-256</v3:messageDigestAlgorithm>
      <v3:messageDigest>7E6BD0DD6743DBA6DBC1347B4803E542545EDB358CBFE3882EBCEA1177E396CC</v3:messageDigest>
      <v3:messageDigestOriginator>RODA</v3:messageDigestOriginator>
    </v3:fixity>
    <v3:fixity>
      <v3:messageDigestAlgorithm>MD5</v3:messageDigestAlgorithm>
      <v3:messageDigest>DC5D4F96B81E7453C48664F7CBBE32BF</v3:messageDigest>
      <v3:messageDigestOriginator>RODA</v3:messageDigestOriginator>
    </v3:fixity>
    <v3:size>11803</v3:size>
    <v3:format>
      <v3:formatDesignation>
        <v3:formatName>Microsoft Word for Windows</v3:formatName>
        <v3:formatVersion>2007 onwards</v3:formatVersion>
      </v3:formatDesignation>
    </v3:format>
    <v3:format>
      <v3:formatRegistry>
        <v3:formatRegistryName>pronom</v3:formatRegistryName>
        <v3:formatRegistryKey>fmt/412</v3:formatRegistryKey>
      </v3:formatRegistry>
    </v3:format>
    <v3:format>
      <v3:formatRegistry>
        <v3:formatRegistryName>mime</v3:formatRegistryName>
        <v3:formatRegistryKey>application/vnd.openxmlformats-officedocument.wordprocessingml.document</v3:formatRegistryKey>
      </v3:formatRegistry>
    </v3:format>
  </v3:objectCharacteristics>
  <v3:originalName>worddoc.docx</v3:originalName>
  <v3:storage>
    <v3:contentLocation>
      <v3:contentLocationType>URI</v3:contentLocationType>
      <v3:contentLocationValue>file:///roda/data/storage/aip/6b86ff43-9b0e-439a-a3d9-d5fb0b0284f7/representations/rep1/data/Structure/worddoc.docx</v3:contentLocationValue>
    </v3:contentLocation>
  </v3:storage>
</v3:object>