{"id":"668b3f2f-51be-4dd7-ace6-d73a41b8526c","parentId":"6c63fb22-ca07-4912-b559-6bc127aa7e1b","type":"OTHER","state":"ACTIVE","permissions":{"users":{"CREATE":["ingest-OR-jq0st8z","admin","jkleevens"],"READ":["admin","jkleevens"],"UPDATE":["admin","jkleevens"],"DELETE":["admin","jkleevens"],"GRANT":["admin","jkleevens"]},"groups":{"CREATE":["Curator-VAi","administrators"],"READ":["Curator-VAi","administrators","VAi"],"UPDATE":["Curator-VAi","administrators"],"DELETE":["Curator-VAi","administrators"],"GRANT":["administrators"]}},"descriptiveMetadata":[{"id":"scaladc.xml","type":"scala-dc","version":"1.0"}],"representations":[{"id":"rep1","original":true,"representationStates":["ORIGINAL"],"type":"MIXED","createdOn":1632134532268,"createdBy":"jkleevens","updatedOn":1632134532268,"updatedBy":"jkleevens","descriptiveMetadata":[]}],"ingestSIPUUID":"a376656f-208b-386c-8d41-a924ed466da2","ingestSIPIds":["uuid-6981ba8e-9d2b-4e8a-912e-6e2a6ad44c3d"],"ingestJobId":"bc26b0de-acd3-472e-a917-a318c7324d59","ingestUpdateJobIds":[],"format":{"name":null,"version":null},"relationships":[],"createdOn":1632134532263,"createdBy":"jkleevens","updatedOn":1632134534041,"updatedBy":"jkleevens","disposal":{"holds":[],"transitiveHolds":[]}}