<?xml version="1.0" encoding="UTF-8"?>
<v3:object xsi:type="v3:file" xmlns:v3="http://www.loc.gov/premis/v3" xmlns:xsi="http://www.w3.org/2001/XMLSchema-instance">
  <v3:objectIdentifier>
    <v3:objectIdentifierType>URN-local</v3:objectIdentifierType>
    <v3:objectIdentifierValue>urn:roda:premis:file:pdf.pdf</v3:objectIdentifierValue>
  </v3:objectIdentifier>
  <v3:objectIdentifier>
    <v3:objectIdentifierType>URN</v3:objectIdentifierType>
    <v3:objectIdentifierValue>urn:roda:premis:file:21efc53b-c87d-39f1-9cde-8dacb822562b</v3:objectIdentifierValue>
  </v3:objectIdentifier>
  <v3:preservationLevel>
    <v3:preservationLevelValue>full</v3:preservationLevelValue>
  </v3:preservationLevel>
  <v3:objectCharacteristics>
    <v3:fixity>
      <v3:messageDigestAlgorithm>SHA-1</v3:messageDigestAlgorithm>
      <v3:messageDigest>D95F559E1E142C65345F8324783AE0713162C8D0</v3:messageDigest>
      <v3:messageDigestOriginator>RODA</v3:messageDigestOriginator>
    </v3:fixity>
    <v3:fixity>
      <v3:messageDigestAlgorithm>SHA-256</v3:messageDigestAlgorithm>
      <v3:messageDigest>DD7DAE9190401A0B4DC030EF9CA367FE60A34255CA2E2455E0B2E0504E59BCF5</v3:messageDigest>
      <v3:messageDigestOriginator>RODA</v3:messageDigestOriginator>
    </v3:fixity>
    <v3:fixity>
      <v3:messageDigestAlgorithm>MD5</v3:messageDigestAlgorithm>
      <v3:messageDigest>332973D09F1796F34CFF68A05D5DC38A</v3:messageDigest>
      <v3:messageDigestOriginator>RODA</v3:messageDigestOriginator>
    </v3:fixity>
    <v3:size>84799</v3:size>
    <v3:format>
      <v3:formatDesignation>
        <v3:formatName>Acrobat PDF 1.4 - Portable Document Format</v3:formatName>
        <v3:formatVersion>1.4</v3:formatVersion>
      </v3:formatDesignation>
    </v3:format>
    <v3:format>
      <v3:formatRegistry>
        <v3:formatRegistryName>pronom</v3:formatRegistryName>
        <v3:formatRegistryKey>fmt/18</v3:formatRegistryKey>
      </v3:formatRegistry>
    </v3:format>
    <v3:format>
      <v3:formatRegistry>
        <v3:formatRegistryName>mime</v3:formatRegistryName>
        <v3:formatRegistryKey>application/pdf</v3:formatRegistryKey>
      </v3:formatRegistry>
    </v3:format>
  </v3:objectCharacteristics>
  <v3:originalName>pdf.pdf</v3:originalName>
  <v3:storage>
    <v3:contentLocation>
      <v3:contentLocationType>URI</v3:contentLocationType>
      <v3:contentLocationValue>file:///roda/data/storage/aip/6b86ff43-9b0e-439a-a3d9-d5fb0b0284f7/representations/rep1/data/Structure/Subfolder/pdf.pdf</v3:contentLocationValue>
    </v3:contentLocation>
  </v3:storage>
</v3:object>