<?xml version="1.0" encoding="UTF-8"?>
<event xmlns="http://www.loc.gov/premis/v3">
  <eventIdentifier>
    <eventIdentifierType>URN</eventIdentifierType>
    <eventIdentifierValue>urn:roda:premis:event:4a02fcbd-b606-4c14-80a7-e70355b6a7fd</eventIdentifierValue>
  </eventIdentifier>
  <eventType>ingest start</eventType>
  <eventDateTime>2022-02-17T13:48:07.20Z</eventDateTime>
  <eventDetailInformation>
    <eventDetail>The ingest process has started.</eventDetail>
  </eventDetailInformation>
  <eventOutcomeInformation>
    <eventOutcome>SUCCESS</eventOutcome>
    <eventOutcomeDetail>
      <eventOutcomeDetailNote>The ingest process has successfully ended.</eventOutcomeDetailNote>
    </eventOutcomeDetail>
  </eventOutcomeInformation>
  <linkingAgentIdentifier>
    <linkingAgentIdentifierType>URN</linkingAgentIdentifierType>
    <linkingAgentIdentifierValue>urn:roda:premis:agent:org.roda.core.plugins.external.aida.AIDAIngestPlugin@1.0</linkingAgentIdentifierValue>
  </linkingAgentIdentifier>
  <linkingAgentIdentifier>
    <linkingAgentIdentifierType>URN</linkingAgentIdentifierType>
    <linkingAgentIdentifierValue>urn:roda:premis:agent:jkleevens</linkingAgentIdentifierValue>
  </linkingAgentIdentifier>
  <linkingObjectIdentifier>
    <linkingObjectIdentifierType>URN</linkingObjectIdentifierType>
    <linkingObjectIdentifierValue>urn:roda:transferred_resource:vai/sip - uuid-039e7a80-8aa1-4380-a852-37a5a2f7758b.zip</linkingObjectIdentifierValue>
    <linkingObjectRole>source</linkingObjectRole>
  </linkingObjectIdentifier>
  <linkingObjectIdentifier>
    <linkingObjectIdentifierType>URN</linkingObjectIdentifierType>
    <linkingObjectIdentifierValue>urn:roda:aip:6b86ff43-9b0e-439a-a3d9-d5fb0b0284f7</linkingObjectIdentifierValue>
    <linkingObjectRole>outcome</linkingObjectRole>
  </linkingObjectIdentifier>
</event>