<?xml version="1.0" encoding="UTF-8"?>
<event xmlns="http://www.loc.gov/premis/v3">
  <eventIdentifier>
    <eventIdentifierType>URN</eventIdentifierType>
    <eventIdentifierValue>urn:roda:premis:event:059abcce-fcce-412f-b138-68d7943abeda</eventIdentifierValue>
  </eventIdentifier>
  <eventType>virus check</eventType>
  <eventDateTime>2022-02-17T13:48:09.90Z</eventDateTime>
  <eventDetailInformation>
    <eventDetail>Scanned package for malicious programs using ClamAV.</eventDetail>
  </eventDetailInformation>
  <eventOutcomeInformation>
    <eventOutcome>SUCCESS</eventOutcome>
    <eventOutcomeDetail>
      <eventOutcomeDetailNote>The package does not contain any known malicious programs.
/roda/data/storage/aip/6b86ff43-9b0e-439a-a3d9-d5fb0b0284f7: OK

----------- SCAN SUMMARY -----------
Infected files: 0
Time: 0.207 sec (0 m 0 s)
Start Date: 2022:02:17 13:48:09
End Date:   2022:02:17 13:48:09</eventOutcomeDetailNote>
    </eventOutcomeDetail>
  </eventOutcomeInformation>
  <linkingAgentIdentifier>
    <linkingAgentIdentifierType>URN</linkingAgentIdentifierType>
    <linkingAgentIdentifierValue>urn:roda:premis:agent:org.roda.core.plugins.plugins.antivirus.AntivirusPlugin@ClamAV 0.103.5/26454/Tue Feb 15 09:32:17 2022</linkingAgentIdentifierValue>
  </linkingAgentIdentifier>
  <linkingAgentIdentifier>
    <linkingAgentIdentifierType>URN</linkingAgentIdentifierType>
    <linkingAgentIdentifierValue>urn:roda:premis:agent:jkleevens</linkingAgentIdentifierValue>
  </linkingAgentIdentifier>
  <linkingObjectIdentifier>
    <linkingObjectIdentifierType>URN</linkingObjectIdentifierType>
    <linkingObjectIdentifierValue>urn:roda:aip:6b86ff43-9b0e-439a-a3d9-d5fb0b0284f7</linkingObjectIdentifierValue>
    <linkingObjectRole>outcome</linkingObjectRole>
  </linkingObjectIdentifier>
</event>