<?xml version="1.0" encoding="UTF-8"?>
<event xmlns="http://www.loc.gov/premis/v3">
  <eventIdentifier>
    <eventIdentifierType>URN</eventIdentifierType>
    <eventIdentifierValue>urn:roda:premis:event:6afe84f2-7d00-453e-bab1-1f5f046108ee</eventIdentifierValue>
  </eventIdentifier>
  <eventType>authorization check</eventType>
  <eventDateTime>2022-02-17T13:48:12.35Z</eventDateTime>
  <eventDetailInformation>
    <eventDetail>User permissions have been checked to ensure that he has sufficient authorization to store the AIP under the desired node of the classification scheme.</eventDetail>
  </eventDetailInformation>
  <eventOutcomeInformation>
    <eventOutcome>SUCCESS</eventOutcome>
    <eventOutcomeDetail>
      <eventOutcomeDetailNote>The user has enough permissions to deposit the AIP under the designated node of the classification scheme
Done with checking user authorization for AIP 6b86ff43-9b0e-439a-a3d9-d5fb0b0284f7</eventOutcomeDetailNote>
    </eventOutcomeDetail>
  </eventOutcomeInformation>
  <linkingAgentIdentifier>
    <linkingAgentIdentifierType>URN</linkingAgentIdentifierType>
    <linkingAgentIdentifierValue>urn:roda:premis:agent:org.roda.core.plugins.plugins.ingest.VerifyUserAuthorizationPlugin@1.0</linkingAgentIdentifierValue>
  </linkingAgentIdentifier>
  <linkingAgentIdentifier>
    <linkingAgentIdentifierType>URN</linkingAgentIdentifierType>
    <linkingAgentIdentifierValue>urn:roda:premis:agent:jkleevens</linkingAgentIdentifierValue>
  </linkingAgentIdentifier>
  <linkingObjectIdentifier>
    <linkingObjectIdentifierType>URN</linkingObjectIdentifierType>
    <linkingObjectIdentifierValue>urn:roda:aip:6b86ff43-9b0e-439a-a3d9-d5fb0b0284f7</linkingObjectIdentifierValue>
    <linkingObjectRole>outcome</linkingObjectRole>
  </linkingObjectIdentifier>
</event>