<?xml version="1.0" encoding="UTF-8"?>
<event xmlns="http://www.loc.gov/premis/v3">
  <eventIdentifier>
    <eventIdentifierType>URN</eventIdentifierType>
    <eventIdentifierValue>urn:roda:premis:event:c57f3d5f-6c8c-4ab4-aea1-a4306d2c4bc2</eventIdentifierValue>
  </eventIdentifier>
  <eventType>update</eventType>
  <eventDateTime>2022-02-17T13:55:48.03Z</eventDateTime>
  <eventDetailInformation>
    <eventDetail>The process of updating an object of the repository.</eventDetail>
  </eventDetailInformation>
  <eventOutcomeInformation>
    <eventOutcome>SUCCESS</eventOutcome>
    <eventOutcomeDetail>
      <eventOutcomeDetailNote>The states of the representation 'c802b4e3-8b97-4fe7-8b4e-2e913682ff6f' were updated.</eventOutcomeDetailNote>
    </eventOutcomeDetail>
  </eventOutcomeInformation>
  <linkingAgentIdentifier>
    <linkingAgentIdentifierType>URN</linkingAgentIdentifierType>
    <linkingAgentIdentifierValue>urn:roda:premis:agent:jkleevens</linkingAgentIdentifierValue>
  </linkingAgentIdentifier>
  <linkingObjectIdentifier>
    <linkingObjectIdentifierType>URN</linkingObjectIdentifierType>
    <linkingObjectIdentifierValue>urn:roda:representation:ce34c98b-2fea-3dce-9bec-40e8ccc42505</linkingObjectIdentifierValue>
    <linkingObjectRole>source</linkingObjectRole>
  </linkingObjectIdentifier>
</event>