<?xml version="1.0" encoding="UTF-8"?>
<event xmlns="http://www.loc.gov/premis/v3">
  <eventIdentifier>
    <eventIdentifierType>URN</eventIdentifierType>
    <eventIdentifierValue>urn:roda:premis:event:547c93ce-dda0-48ca-b512-b7c0ea110201</eventIdentifierValue>
  </eventIdentifier>
  <eventType>migration</eventType>
  <eventDateTime>2022-02-17T13:54:59.25Z</eventDateTime>
  <eventDetailInformation>
    <eventDetail>Converted, if possible, files to a new format (pdf).</eventDetail>
  </eventDetailInformation>
  <eventOutcomeInformation>
    <eventOutcome>SUCCESS</eventOutcome>
    <eventOutcomeDetail>
      <eventOutcomeDetailNote>Files were successfully converted to a new format.
No file was successfully converted on this representation due to plugin or command line issues.</eventOutcomeDetailNote>
    </eventOutcomeDetail>
  </eventOutcomeInformation>
  <linkingAgentIdentifier>
    <linkingAgentIdentifierType>URN</linkingAgentIdentifierType>
    <linkingAgentIdentifierValue>urn:roda:premis:agent:org.roda.core.plugins.external.UnoconvConvertPlugin@7.0.4.2</linkingAgentIdentifierValue>
  </linkingAgentIdentifier>
  <linkingAgentIdentifier>
    <linkingAgentIdentifierType>URN</linkingAgentIdentifierType>
    <linkingAgentIdentifierValue>urn:roda:premis:agent:jkleevens</linkingAgentIdentifierValue>
  </linkingAgentIdentifier>
</event>