<?xml version="1.0" encoding="UTF-8"?>
<ead xmlns="urn:isbn:1-931666-22-9"
     xmlns:xsi="http://www.w3.org/2001/XMLSchema-instance"
     xsi:schemaLocation="urn:isbn:1-931666-22-9 http://www.loc.gov/ead/ead.xsd">
	  <eadheader>
		    <eadid/>
		    <filedesc>
			      <titlestmt>
				        <titleproper/>
			      </titlestmt>
		    </filedesc>
		    <profiledesc>
			      <creation>
				Generated by RODA-In
			</creation>
      </profiledesc>
	  </eadheader>
   <archdesc level="file">
      <did>
         <unittitle>Minimum AIP without representations</unittitle>
         <origination label="producer">
            <name>AIDA</name>
		       </origination>
      </did>
      <processinfo>
         <p>
            <date>2022-02-17</date>
         </p>
      </processinfo>
      <dsc type="combined">  
  </dsc>
   </archdesc>
</ead>
