<?xml version="1.0" encoding="UTF-8"?>
<v3:object xsi:type="v3:file" xmlns:v3="http://www.loc.gov/premis/v3" xmlns:xsi="http://www.w3.org/2001/XMLSchema-instance">
  <v3:objectIdentifier>
    <v3:objectIdentifierType>URN</v3:objectIdentifierType>
    <v3:objectIdentifierValue>urn:roda:premis:file:Testdocument.docx</v3:objectIdentifierValue>
  </v3:objectIdentifier>
  <v3:preservationLevel>
    <v3:preservationLevelValue>full</v3:preservationLevelValue>
  </v3:preservationLevel>
  <v3:objectCharacteristics>
    <v3:fixity>
      <v3:messageDigestAlgorithm>SHA-1</v3:messageDigestAlgorithm>
      <v3:messageDigest>F697DCFADF1C628D5FF957F8B53011D14D5B8B3E</v3:messageDigest>
      <v3:messageDigestOriginator>RODA</v3:messageDigestOriginator>
    </v3:fixity>
    <v3:fixity>
      <v3:messageDigestAlgorithm>SHA-256</v3:messageDigestAlgorithm>
      <v3:messageDigest>1A86826F67F98E2464D65BF4F03ED754BADEED50A7B211B78DEE486962D6D41E</v3:messageDigest>
      <v3:messageDigestOriginator>RODA</v3:messageDigestOriginator>
    </v3:fixity>
    <v3:fixity>
      <v3:messageDigestAlgorithm>MD5</v3:messageDigestAlgorithm>
      <v3:messageDigest>98AAC1A40E9877044CEC3004542782DC</v3:messageDigest>
      <v3:messageDigestOriginator>RODA</v3:messageDigestOriginator>
    </v3:fixity>
    <v3:size>11800</v3:size>
    <v3:format>
      <v3:formatDesignation>
        <v3:formatName>Microsoft Word for Windows</v3:formatName>
        <v3:formatVersion>2007 onwards</v3:formatVersion>
      </v3:formatDesignation>
    </v3:format>
    <v3:format>
      <v3:formatRegistry>
        <v3:formatRegistryName>pronom</v3:formatRegistryName>
        <v3:formatRegistryKey>fmt/412</v3:formatRegistryKey>
      </v3:formatRegistry>
    </v3:format>
    <v3:format>
      <v3:formatRegistry>
        <v3:formatRegistryName>mime</v3:formatRegistryName>
        <v3:formatRegistryKey>application/vnd.openxmlformats-officedocument.wordprocessingml.document</v3:formatRegistryKey>
      </v3:formatRegistry>
    </v3:format>
  </v3:objectCharacteristics>
  <v3:originalName>Testdocument.docx</v3:originalName>
  <v3:storage>
    <v3:contentLocation>
      <v3:contentLocationType/>
      <v3:contentLocationValue/>
    </v3:contentLocation>
  </v3:storage>
</v3:object>