<?xml version="1.0" encoding="UTF-8"?>
<v3:object xsi:type="v3:file" xmlns:v3="http://www.loc.gov/premis/v3" xmlns:xsi="http://www.w3.org/2001/XMLSchema-instance">
  <v3:objectIdentifier>
    <v3:objectIdentifierType>URN</v3:objectIdentifierType>
    <v3:objectIdentifierValue>urn:roda:premis:file:Testdocument_def.pdf</v3:objectIdentifierValue>
  </v3:objectIdentifier>
  <v3:preservationLevel>
    <v3:preservationLevelValue>full</v3:preservationLevelValue>
  </v3:preservationLevel>
  <v3:objectCharacteristics>
    <v3:fixity>
      <v3:messageDigestAlgorithm>SHA-1</v3:messageDigestAlgorithm>
      <v3:messageDigest>ED5891B81CA5B281397A1563708585C4F608FAF4</v3:messageDigest>
      <v3:messageDigestOriginator>RODA</v3:messageDigestOriginator>
    </v3:fixity>
    <v3:fixity>
      <v3:messageDigestAlgorithm>SHA-256</v3:messageDigestAlgorithm>
      <v3:messageDigest>93DC6A7F1219CC9D829622A8F1E280C009E17DD9C71FAC024D3A0FBA73FA8240</v3:messageDigest>
      <v3:messageDigestOriginator>RODA</v3:messageDigestOriginator>
    </v3:fixity>
    <v3:fixity>
      <v3:messageDigestAlgorithm>MD5</v3:messageDigestAlgorithm>
      <v3:messageDigest>914E6B0BE6F0CD92AB9B7CAA82C4D734</v3:messageDigest>
      <v3:messageDigestOriginator>RODA</v3:messageDigestOriginator>
    </v3:fixity>
    <v3:size>31721</v3:size>
    <v3:format>
      <v3:formatDesignation>
        <v3:formatName>Acrobat PDF 1.7 - Portable Document Format</v3:formatName>
        <v3:formatVersion>1.7</v3:formatVersion>
      </v3:formatDesignation>
    </v3:format>
    <v3:format>
      <v3:formatRegistry>
        <v3:formatRegistryName>pronom</v3:formatRegistryName>
        <v3:formatRegistryKey>fmt/276</v3:formatRegistryKey>
      </v3:formatRegistry>
    </v3:format>
    <v3:format>
      <v3:formatRegistry>
        <v3:formatRegistryName>mime</v3:formatRegistryName>
        <v3:formatRegistryKey>application/pdf</v3:formatRegistryKey>
      </v3:formatRegistry>
    </v3:format>
  </v3:objectCharacteristics>
  <v3:originalName>Testdocument_def.pdf</v3:originalName>
  <v3:storage>
    <v3:contentLocation>
      <v3:contentLocationType/>
      <v3:contentLocationValue/>
    </v3:contentLocation>
  </v3:storage>
</v3:object>