<?xml version="1.0" encoding="UTF-8" standalone="yes"?>
<mets xmlns:xsi="http://www.w3.org/2001/XMLSchema-instance" xmlns:sip="https://DILCIS.eu/XML/METS/SIPExtensionMETS" xmlns="http://www.loc.gov/METS/" xmlns:csip="https://DILCIS.eu/XML/METS/CSIPExtensionMETS" xmlns:xlink="http://www.w3.org/1999/xlink" OBJID="rep1" LABEL="" TYPE="Mixed" csip:CONTENTINFORMATIONTYPE="MIXED" PROFILE="NOT_DEFINED" xsi:schemaLocation="http://www.loc.gov/METS/ ../../schemas/mets1_12.xsd http://www.w3.org/1999/xlink ../../schemas/xlink.xsd https://dilcis.eu/XML/METS/CSIPExtensionMETS ../../schemas/DILCISExtensionMETS.xsd https://dilcis.eu/XML/METS/SIPExtensionMETS ../../schemas/DILCISExtensionSIPMETS.xsd">
    <metsHdr CREATEDATE="2022-02-17T13:56:02.815Z" LASTMODDATE="2022-02-17T13:56:02.815Z" RECORDSTATUS="NEW" csip:OAISPACKAGETYPE="AIP"/>
    <dmdSec ID="uuid-FB1C24E7-39B3-41A2-B86C-D62E560BCEC5" CREATED="2022-02-17T13:56:02.816Z" STATUS="CURRENT">
        <mdRef ID="picture.png" LOCTYPE="URL" MDTYPE="OTHER" xlink:type="simple" xlink:href="metadata/other/Siegfried/Structure/picture.png.json" MIMETYPE="application/json" SIZE="400" CREATED="2022-02-17T13:56:02.816Z" CHECKSUM="ADC5733952510DD9553B8199AFF857A576E1B4826BB95E12C27EE7D69B5BCBF9" CHECKSUMTYPE="SHA-256"/>
    </dmdSec>
    <dmdSec ID="uuid-18CE45A6-D5C1-4222-8A72-CABBEFCD4E17" CREATED="2022-02-17T13:56:02.817Z" STATUS="CURRENT">
        <mdRef ID="pdf.pdf" LOCTYPE="URL" MDTYPE="OTHER" xlink:type="simple" xlink:href="metadata/other/Siegfried/Structure/Subfolder/pdf.pdf.json" MIMETYPE="application/json" SIZE="404" CREATED="2022-02-17T13:56:02.817Z" CHECKSUM="F0CA2878E3F26800D9E62569AE9D0D610F8A31F1CA585959AE395092E71F3BAD" CHECKSUMTYPE="SHA-256"/>
    </dmdSec>
    <dmdSec ID="uuid-C283AA8E-FD76-4004-AAF9-2A68A4B2B445" CREATED="2022-02-17T13:56:02.817Z" STATUS="CURRENT">
        <mdRef ID="worddoc.docx" LOCTYPE="URL" MDTYPE="OTHER" xlink:type="simple" xlink:href="metadata/other/Siegfried/Structure/worddoc.docx.json" MIMETYPE="application/json" SIZE="496" CREATED="2022-02-17T13:56:02.817Z" CHECKSUM="C781352E962E11E57CF616B56AF1525F6D9A5CE17296B4A22C9F4B7AB7B4F10B" CHECKSUMTYPE="SHA-256"/>
    </dmdSec>
    <amdSec ID="uuid-6B32C437-16B2-46B5-88E7-17CB3CF65C1D">
        <digiprovMD ID="uuid-9220D906-2FAF-410D-89FB-F07741FE26E1" STATUS="CURRENT">
            <mdRef ID="urn_roda_premis_representation_7ce79ff4-dfad-364f-8527-207dd0a4d0c7" LOCTYPE="URL" MDTYPE="PREMIS" xlink:type="simple" xlink:href="metadata/preservation/urn:roda:premis:representation:7ce79ff4-dfad-364f-8527-207dd0a4d0c7.xml" MIMETYPE="application/xml" SIZE="1724" CREATED="2022-02-17T13:56:02.816Z" CHECKSUM="FCA5211316439399C307DF5413A23C1EF170934BE1E26769EB2439EA71449DE7" CHECKSUMTYPE="SHA-256"/>
        </digiprovMD>
        <digiprovMD ID="uuid-02B553B6-0447-4991-9DAD-C6A6647DED5A" STATUS="CURRENT">
            <mdRef ID="urn_roda_premis_event_07f227cb-7842-429d-ab52-ec387c352f9c" LOCTYPE="URL" MDTYPE="PREMIS" xlink:type="simple" xlink:href="metadata/preservation/urn:roda:premis:event:07f227cb-7842-429d-ab52-ec387c352f9c.xml" MIMETYPE="application/xml" SIZE="1894" CREATED="2022-02-17T13:56:02.816Z" CHECKSUM="070BE4B79B39DF4710B5E83A29551C90802B3266E5D611007D9DDBFBC9C29FE6" CHECKSUMTYPE="SHA-256"/>
        </digiprovMD>
        <digiprovMD ID="uuid-16D16DAF-539E-4955-B9CF-A324D9BB44C0" STATUS="CURRENT">
            <mdRef ID="urn_roda_premis_file_worddoc.docx" LOCTYPE="URL" MDTYPE="PREMIS" xlink:type="simple" xlink:href="metadata/preservation/Structure/urn:roda:premis:file:worddoc.docx.xml" MIMETYPE="application/xml" SIZE="2639" CREATED="2022-02-17T13:56:02.816Z" CHECKSUM="B02B33CF81D5C618DF6C47CAE0D6EDCD86FEA15DD175A949FDF13152341D07F7" CHECKSUMTYPE="SHA-256"/>
        </digiprovMD>
        <digiprovMD ID="uuid-697C433C-9C2F-4CB0-BEC2-E83E583C87D6" STATUS="CURRENT">
            <mdRef ID="urn_roda_premis_file_picture.png" LOCTYPE="URL" MDTYPE="PREMIS" xlink:type="simple" xlink:href="metadata/preservation/Structure/urn:roda:premis:file:picture.png.xml" MIMETYPE="application/xml" SIZE="2563" CREATED="2022-02-17T13:56:02.816Z" CHECKSUM="527493D98EE18447E7E8F1E31422C4B95FC3EB84A9F82A66E36C6EFBBDEBE5BE" CHECKSUMTYPE="SHA-256"/>
        </digiprovMD>
        <digiprovMD ID="uuid-5EC578AC-76D4-4F3F-BCC0-CC174BE08A29" STATUS="CURRENT">
            <mdRef ID="urn_roda_premis_file_pdf.pdf" LOCTYPE="URL" MDTYPE="PREMIS" xlink:type="simple" xlink:href="metadata/preservation/Structure/Subfolder/urn:roda:premis:file:pdf.pdf.xml" MIMETYPE="application/xml" SIZE="2584" CREATED="2022-02-17T13:56:02.816Z" CHECKSUM="CAE73A9FA1A5156A92A7FC08349FA34A6685A1F5427EBF70041218FE041CBBE8" CHECKSUMTYPE="SHA-256"/>
        </digiprovMD>
    </amdSec>
    <fileSec ID="uuid-1552EE20-E580-40AE-ADED-1F469E258B25">
        <fileGrp ID="uuid-67712B5C-D31E-40C2-B7D2-307CBB8E2059" USE="Data">
            <file ID="ID-016814DD-58CA-4CFC-B6D6-95E6415A5A49" MIMETYPE="image/png" SIZE="38083" CREATED="2022-02-17T13:56:02.815Z" CHECKSUM="3D3CF035B65678473104479374FF295597165FA2372373C9503EAC7D1521F130" CHECKSUMTYPE="SHA-256">
                <FLocat xlink:type="simple" xlink:href="data/Structure/picture.png" LOCTYPE="URL"/>
            </file>
            <file ID="ID-185A5A7B-4783-4B70-AFA9-C8C10174EDD1" MIMETYPE="application/vnd.openxmlformats-officedocument.wordprocessingml.document" SIZE="11803" CREATED="2022-02-17T13:56:02.815Z" CHECKSUM="7E6BD0DD6743DBA6DBC1347B4803E542545EDB358CBFE3882EBCEA1177E396CC" CHECKSUMTYPE="SHA-256">
                <FLocat xlink:type="simple" xlink:href="data/Structure/worddoc.docx" LOCTYPE="URL"/>
            </file>
            <file ID="ID-3A0FE0DE-F79A-4ED6-B6C2-372BAA7003B1" MIMETYPE="application/pdf" SIZE="84799" CREATED="2022-02-17T13:56:02.816Z" CHECKSUM="DD7DAE9190401A0B4DC030EF9CA367FE60A34255CA2E2455E0B2E0504E59BCF5" CHECKSUMTYPE="SHA-256">
                <FLocat xlink:type="simple" xlink:href="data/Structure/Subfolder/pdf.pdf" LOCTYPE="URL"/>
            </file>
        </fileGrp>
    </fileSec>
    <structMap ID="uuid-0EDBEF53-7055-4E98-A255-4269C612C7F2" TYPE="PHYSICAL" LABEL="CSIP">
        <div ID="uuid-0468F39B-2C86-49DD-BF83-71E4384980C9" TYPE="ORIGINAL" LABEL="rep1">
            <div ID="uuid-561378CD-BEDD-4AC5-8305-8BBF35025509" ADMID="uuid-9220D906-2FAF-410D-89FB-F07741FE26E1 uuid-02B553B6-0447-4991-9DAD-C6A6647DED5A uuid-16D16DAF-539E-4955-B9CF-A324D9BB44C0 uuid-697C433C-9C2F-4CB0-BEC2-E83E583C87D6 uuid-5EC578AC-76D4-4F3F-BCC0-CC174BE08A29" LABEL="Metadata"/>
            <div ID="uuid-41ADE07F-20EC-45ED-AAAE-2B0760674AE9" DMDID="uuid-FB1C24E7-39B3-41A2-B86C-D62E560BCEC5 uuid-18CE45A6-D5C1-4222-8A72-CABBEFCD4E17 uuid-C283AA8E-FD76-4004-AAF9-2A68A4B2B445" LABEL="Metadata/Other"/>
            <div ID="uuid-64D063AB-8BF5-4CA0-AACD-65E7163FB06A" LABEL="Data">
                <fptr FILEID="uuid-67712B5C-D31E-40C2-B7D2-307CBB8E2059"/>
            </div>
        </div>
    </structMap>
</mets>
